variable,mean,median,sd,mad,q5,q95,q2.5,q16.7,q83.3,q97.5,Sp,Sex
b_Intercept,2.206510654762863,2.19978354090971,0.9122200607116565,0.9017217787032437,0.7212326489028509,3.6902979239340445,0.4635266731835802,1.3230455489936102,3.0744586231129998,4.032126315617152,Aglais urticae,male
b_YearRescale,0.013849080780706454,0.013821274087727077,0.047375394426487465,0.04830713275584832,-0.06445682115582657,0.08987801273967762,-0.07998951621005841,-0.03162148340210799,0.06050854011346137,0.1036239110589447,Aglais urticae,male
b_Temp,0.013377247721457416,0.01334627436228273,0.007970697002522684,0.007889936769794065,1.5669848707273212e-4,0.026446754959162714,-0.0025382893364208213,0.005646134703523337,0.021184930842829307,0.028702567626925277,Aglais urticae,male
b_Latitude,0.013620635694164829,0.01375857711166632,0.016311838824064603,0.016121901984230948,-0.013381614726959758,0.04047201620299139,-0.019640530707342455,-0.0018556620579776243,0.029224901251987602,0.04545524774926447,Aglais urticae,male
sigma,0.0765126234523079,0.07606232256735823,0.00665108684627008,0.006429504802437331,0.06631141216259144,0.08835715444674812,0.06449933772480915,0.07012726094662836,0.0827416102422167,0.09094345155719634,Aglais urticae,male
Intercept,3.0820435001894664,3.0818602819737895,0.008856170003532152,0.008635394295721369,3.0677286212114088,3.0969031612039992,3.0648945955167664,3.0737892842398513,3.0905092106671677,3.099609473232281,Aglais urticae,male
lprior,-3.1418838002430207,-3.14187063148508,1.1704036051618336e-4,1.0998691189318234e-4,-3.1420943279928943,-3.141710771876064,-3.1421498100356615,-3.1419913270548996,-3.141774306238435,-3.141688433032075,Aglais urticae,male
lp__,82.41547255471964,82.7070699007059,1.5636866172539725,1.4102227262715263,79.44859282622602,84.35725102983034,78.53944400152213,81.00938633337026,83.85004835034626,84.5444787845167,Aglais urticae,male
b_Intercept,3.2121557707072244,3.212691175984859,0.25860657423735867,0.2641117672983618,2.7914595295558478,3.6362941494458116,2.7103549120753825,2.95443405404296,3.465299134101433,3.709355525372568,Anthocharis cardamines,male
b_YearRescale,5.636998051909133e-4,4.3977607967146974e-4,0.011300000990793237,0.010927503790931142,-0.017985915840398815,0.019134468061882737,-0.022468203784817214,-0.009938155932246931,0.01127472861381309,0.02310994290666642,Anthocharis cardamines,male
b_Temp,-0.0035372943490152315,-0.003486952748793196,0.0019584250730089767,0.0020256150515659457,-0.00674264894531064,-3.6596095361572656e-4,-0.00736286360085839,-0.005460888831602286,-0.0016203138749168301,1.506627873394447e-4,Anthocharis cardamines,male
b_Latitude,-0.00424377498539257,-0.004223600853974023,0.004980422040685537,0.005090837525160587,-0.012426988967955067,0.0037654745771157896,-0.013810810491313065,-0.009151515537915269,7.078601624537155e-4,0.005408120679030511,Anthocharis cardamines,male
sigma,0.08200132185304719,0.0819482205162155,0.0020171678815709445,0.0020453461989984752,0.0787882884466017,0.08540776320926072,0.07818989201053321,0.0800239950425885,0.08400475637323278,0.08601858959570893,Anthocharis cardamines,male
Intercept,2.9372934183820814,2.9372441471243036,0.0027942794860883234,0.002952727080521838,2.9327174760806796,2.94195071868805,2.931875435969013,2.9345576282085024,2.940055998421421,2.9426178888457715,Anthocharis cardamines,male
lprior,-3.144752207299692,-3.1447499357932793,1.0246321919582958e-4,1.0406907667523568e-4,-3.144924451956112,-3.1445828643760936,-3.1449553347533454,-3.144852412061595,-3.144652288978339,-3.144556261193867,Anthocharis cardamines,male
lp__,913.6460586337066,913.9455601226233,1.5400039749639527,1.3792812942594799,910.6768230712643,915.5662500970045,909.953486021353,912.225828804838,915.0619534978684,915.7188366258287,Anthocharis cardamines,male
b_Intercept,3.5885958527607227,3.592695384605849,0.2294366609733422,0.22644715858057407,3.211060374083779,3.95479702615311,3.12271474976383,3.3680644229259937,3.8093586430923705,4.0347721824763525,Aphantopus hyperantus,male
b_YearRescale,0.0013785362871897332,0.0013739041963834386,0.011352957568976604,0.011305185003569458,-0.017252296411777522,0.020172470175638176,-0.020977419303413018,-0.009629264230609504,0.012170864364483853,0.023218559054407804,Aphantopus hyperantus,male
b_Temp,0.0018989401840272466,0.0019497313325110785,0.002481184939214318,0.0024524254582370354,-0.002217728928355318,0.005860253307986771,-0.003016724157993698,-4.765646692408346e-4,0.004303286498876565,0.0067834172571480285,Aphantopus hyperantus,male
b_Latitude,-0.011786681271887624,-0.011856392791992246,0.0042805444268725745,0.004195420436253879,-0.018777931526613147,-0.004794208486592359,-0.020181753988704944,-0.015838422229177602,-0.007663578126487252,-0.003315170749923065,Aphantopus hyperantus,male
sigma,0.052312109724751074,0.05226879035844517,0.001670338791368899,0.0016980673887816797,0.04962378577744959,0.05515296208116401,0.049239788085169024,0.05067970231122478,0.05394122129943066,0.05563832761138689,Aphantopus hyperantus,male
Intercept,3.0125939239675916,3.0126149554654402,0.0023918943292780275,0.002424682390757799,3.0085952418141177,3.0165587036172137,3.0078593329014716,3.0102988812086373,3.0148849025256137,3.017219751914656,Aphantopus hyperantus,male
lprior,-3.1423195156709736,-3.1423173929503085,4.866778099826221e-5,4.903585603934117e-5,-3.1424038313461056,-3.142241285833568,-3.1424201823005498,-3.142366329676875,-3.142272737297574,-3.1422298998502005,Aphantopus hyperantus,male
lp__,729.8585678525005,730.1723605101323,1.5874021407175614,1.4065239457535021,726.7266429029341,731.8085584862899,725.9044577307892,728.4832661472888,731.2932834063332,731.9690943930246,Aphantopus hyperantus,male
b_Intercept,3.3912488877088585,3.3874214682287107,0.2911608464334748,0.29647533443308655,2.9245275133293953,3.865520346290701,2.838641580335321,3.1032177340215252,3.68348153857925,3.9696954448649526,Argynnis paphia,male
b_YearRescale,2.5582139097994134e-4,1.3151861542542802e-4,0.009055064565826481,0.00894565291301767,-0.014790110499959165,0.014911495244269563,-0.017530618700871997,-0.008368863072666703,0.009048644256679991,0.017826258223206114,Argynnis paphia,male
b_Temp,-0.006238139757364298,-0.006246293917651691,0.0021691037253491374,0.002224109048186711,-0.009800485849397586,-0.0026632861806309897,-0.010334572232090734,-0.008375065304544611,-0.004156988075137926,-0.0019238080032104384,Argynnis paphia,male
b_Latitude,0.0018430253848257397,0.001913398261658067,0.005634479112780348,0.005760596507818153,-0.007419728448560564,0.010820501396911604,-0.009215243501356767,-0.003765807328981985,0.00740341292134388,0.01246860149186046,Argynnis paphia,male
sigma,0.04874028781816232,0.04868688991467289,0.0014466981826519094,0.001394260395494672,0.046378125286299005,0.05121207746789878,0.046026652592792976,0.047384032068210735,0.050168969190445625,0.05173215769752308,Argynnis paphia,male
Intercept,3.394656232014131,3.394652762700903,0.0020867642153936,0.0020611653896427952,3.3911759885475954,3.3981273783366217,3.3905387158379794,3.3926614303928715,3.396679056425399,3.3987487786528203,Argynnis paphia,male
lprior,-3.1507057154946887,-3.1507047733327265,1.3140744070342175e-4,1.295089474215703e-4,-3.1509284362688392,-3.150489985824836,-3.1509640279998883,-3.150832659144266,-3.150579219221628,-3.150448354996204,Argynnis paphia,male
lp__,866.3304573207457,866.6573570773106,1.5727755545436177,1.4396572367777962,863.2587915163213,868.2247532827138,862.4819273635246,864.900395547324,867.78682818856,868.4076166072616,Argynnis paphia,male
b_Intercept,2.934763848204436,2.935324627902757,0.13839269093961284,0.13522915370019115,2.7079431338525333,3.1596356517207176,2.6610541884539445,2.8020536964918668,3.064584434742666,3.20794238985108,Boloria euphrosyne,male
b_YearRescale,0.021405594102946547,0.021411155993103552,0.006789373406680137,0.0067303796091139415,0.01031720130165185,0.03245539877205125,0.008160039990443563,0.014892454936568452,0.028071289265525302,0.034464940596395384,Boloria euphrosyne,male
b_Temp,3.2189345032323954e-4,3.2599912425392203e-4,0.0011016420294195546,0.0011091506226660033,-0.0014827014069993573,0.0021132146896936372,-0.001817529448685848,-7.371259425607059e-4,0.0013927087299747103,0.0024338242423021144,Boloria euphrosyne,male
b_Latitude,5.222037211330976e-4,4.895891995533956e-4,0.002634247596929229,0.0025387582540624893,-0.0037931824331782636,0.004857567000132944,-0.004640745406657829,-0.0019306107116330627,0.0030275122780380453,0.005692602754788929,Boloria euphrosyne,male
sigma,0.050695413196490464,0.05069123344699987,9.092740842253635e-4,9.294079700993517e-4,0.049221508620063636,0.052191292626467024,0.04895095930507046,0.04980903631709693,0.0515882480711639,0.05251080497440163,Boloria euphrosyne,male
Intercept,2.992533740094722,2.9925268589664134,0.0012462177337272107,0.0012660338154079334,2.990500497727332,2.9946112127251747,2.9901779393795493,2.991298783318811,2.9937366018940095,2.994963746436677,Boloria euphrosyne,male
lprior,-3.1427178668658096,-3.1427177114159965,3.0191681388194406e-5,3.096538749809876e-5,-3.1427671375524153,-3.1426685239701566,-3.142776726165216,-3.1427475314759965,-3.1426883414744142,-3.142659356999854,Boloria euphrosyne,male
lp__,2470.774496864503,2471.103596468295,1.549559040824613,1.330362261641161,2467.833503744108,2472.647964141915,2466.982534173981,2469.4027537205598,2472.1643510349163,2472.7961388707463,Boloria euphrosyne,male
b_Intercept,1.5623111866357173,1.5600404986634304,0.15821223182353394,0.16249150386407096,1.3072387770097713,1.8263390169215417,1.2641877940462,1.407484543841297,1.7142667005184595,1.8727220269648306,Boloria selene,male
b_YearRescale,0.03686004294090857,0.036799975572800986,0.008420434561441745,0.008291027316678074,0.022913912357678163,0.05071864472314207,0.020468396890369212,0.028758218618411966,0.04507837368271123,0.053186842158188745,Boloria selene,male
b_Temp,-0.00303450004961521,-0.003052054525494521,0.0014178188519761881,0.001401820667944095,-0.005378231314976698,-7.198384016861028e-4,-0.00579065043147541,-0.004393123234489833,-0.0016700741836302854,-2.0256811382868324e-4,Boloria selene,male
b_Latitude,0.026564250219566873,0.02660747991659236,0.003031067975691709,0.0031063904856084737,0.02152441918636648,0.031479403376968175,0.020605159737102564,0.02362499183115298,0.02951960122333565,0.03226511166933325,Boloria selene,male
sigma,0.062142097452501786,0.06213481616188617,0.0011444552903596915,0.001148153913175072,0.060296943296665115,0.06401842224691737,0.0599204800148438,0.06106526428033175,0.06325347795156447,0.06435980151502024,Boloria selene,male
Intercept,2.9436288460915656,2.943638931408172,0.0015719947884786298,0.0016081006552356204,2.9410293951841364,2.9462144058791524,2.940622033508436,2.942099914852869,2.9451204978894467,2.9467493573752406,Boloria selene,male
lprior,-3.1442307578927746,-3.14422965683001,5.411394167434195e-5,5.4789919531032e-5,-3.144320383276465,-3.1441439877733766,-3.1443353388185002,-3.144284178362985,-3.1441787563670953,-3.1441249581039066,Boloria selene,male
lp__,2091.695021869718,2092.0270302003864,1.6101323933632916,1.3885000006502786,2088.5985964599995,2093.619691701886,2087.441593164589,2090.3241721680565,2093.140749555347,2093.7900271837975,Boloria selene,male
b_Intercept,3.0441630831108113,3.0411007003959956,0.25057413900820025,0.25559160365593364,2.6431777669218293,3.4605723242171442,2.571759326721343,2.8000317898726093,3.2912666675644466,3.5470143732090014,Callophrys rubi,male
b_YearRescale,-0.013514890121031648,-0.013589078737219075,0.014319231284791746,0.014258567591811683,-0.03674063791245034,0.010092603184096027,-0.04161663529354536,-0.026982999377431205,2.403785874356015e-4,0.01523820676499693,Callophrys rubi,male
b_Temp,-0.0029215508076091655,-0.0028797334364899013,0.002504638094512202,0.0024857961048265495,-0.007153032619049157,0.001220040322312776,-0.007884100139437439,-0.005328958682933496,-5.157450568961195e-4,0.00198167802460914,Callophrys rubi,male
b_Latitude,-0.007898223007633782,-0.007781992540972834,0.004837056868207446,0.004874395657400666,-0.015999207979595295,-1.6582911299725585e-4,-0.017557841630959335,-0.012677929158045578,-0.003255588458320046,0.0013179291387246162,Callophrys rubi,male
sigma,0.054737624460445194,0.054688244460241675,0.0019406545985491935,0.0018617274513149534,0.051623682207573116,0.05799284657617018,0.051062237144625273,0.05291671682603298,0.05657745847172835,0.058692589087373626,Callophrys rubi,male
Intercept,2.5793378884608824,2.579350012794129,0.0026890745244321163,0.0027136004834988872,2.5748396859691214,2.5837618502601165,2.5740452971001506,2.5767476243141094,2.581970904551154,2.584576959501098,Callophrys rubi,male
lprior,-3.1702418130505876,-3.170239076887706,2.95507821528381e-4,2.954205226923419e-4,-3.1707371239038906,-3.1697588385582396,-3.1708248485531487,-3.1705234601230066,-3.1699542780952776,-3.1696696662216253,Callophrys rubi,male
lp__,607.3334446897303,607.7017719678928,1.6156278676776274,1.4469636407151083,604.21245394549,609.2434745948693,603.3981469275083,605.8640807102897,608.7944471735848,609.4104384490302,Callophrys rubi,male
b_Intercept,1.2545979914266572,1.24886593220968,1.071667875313469,1.057790065009209,-0.49600799954856023,2.98592243314583,-0.8892316054001214,0.24149869911851907,2.2857177165495024,3.310455258155528,Carterocephalus palaemon,male
b_YearRescale,-0.01450599584384174,-0.014985672550555678,0.030115088114317325,0.030027869176496275,-0.06382817740607043,0.03515425911857066,-0.07247334660472493,-0.04285581955181103,0.01442454775322843,0.04452433139030453,Carterocephalus palaemon,male
b_Temp,-0.0012819558882716919,-0.0013345218088136688,0.004072384328756786,0.003966449298022887,-0.007868976453293788,0.005433192783997391,-0.00923000384167584,-0.005156626349946004,0.002529337257190372,0.006793873094575148,Carterocephalus palaemon,male
b_Latitude,0.024430207513299166,0.024536660043011645,0.020333070950229508,0.019810669432009164,-0.008593395554441139,0.057627061741103464,-0.014863534202955643,0.005056202847394048,0.043738572279942226,0.0650681240475472,Carterocephalus palaemon,male
sigma,0.05117042644612381,0.050988290280416564,0.0037854578964455665,0.003774541959001724,0.04528958829230054,0.057875879481645305,0.04438359555007828,0.04746023596207077,0.05482808787700695,0.05902933162302233,Carterocephalus palaemon,male
Intercept,2.5000949409734283,2.5001403979405685,0.005357100701932998,0.005252654328924169,2.4911389793764007,2.5089509553711946,2.4895650943703025,2.4948832918417416,2.505123619258521,2.510895974363083,Carterocephalus palaemon,male
lprior,-3.1795197664963553,-3.179504259468027,6.746223387903156e-4,6.598172172564699e-4,-3.1806601521488815,-3.178407566346762,-3.180869540421121,-3.1801787000328186,-3.1788893529771145,-3.1781748148103257,Carterocephalus palaemon,male
lp__,142.13539674574642,142.4393918853978,1.5928328641334468,1.4346265783651744,139.2289388818845,144.07974478195268,138.29030570124272,140.6925578890253,143.6123042868983,144.25585431468858,Carterocephalus palaemon,male
b_Intercept,3.1149481284642313,3.1151793929802647,0.4690303506724902,0.4625432043023124,2.3501538923456238,3.876736316806899,2.215155318717511,2.650454533145345,3.578840315682266,4.042440335323285,Celastrina argiolus,male
b_YearRescale,0.05554158023407372,0.05528491473310089,0.02845386325945621,0.02813037109198232,0.008236913371550615,0.10329873195652538,-0.0012173205794786474,0.028301027940135243,0.08242552795163276,0.11137672161360897,Celastrina argiolus,male
b_Temp,-0.006126618804080148,-0.006051473642289409,0.006461989000413671,0.006433968272588743,-0.01660591078208763,0.004584287230126011,-0.018335452360178615,-0.012357497845482183,2.4430285480155677e-5,0.006498166921260734,Celastrina argiolus,male
b_Latitude,-0.007754198532588894,-0.0077174713753193,0.00854619274030804,0.008632393393682927,-0.02142927671847157,0.006466858226371706,-0.024651021966662048,-0.016152602288461618,3.973103558553955e-4,0.008943219691011974,Celastrina argiolus,male
sigma,0.06456580815708365,0.06436346614331481,0.004371014895484682,0.004311819804490546,0.05787334871139241,0.07204340292222293,0.05661490414318604,0.060395532487162444,0.06864567111626572,0.07406299213486907,Celastrina argiolus,male
Intercept,2.7016671830637145,2.701633040074024,0.005912833055419767,0.005703094820778908,2.6919155670361588,2.7116893528348385,2.690194825180317,2.695887216906643,2.707349148838229,2.713222877804866,Celastrina argiolus,male
lprior,-3.1585157570219553,-3.1585095435054455,5.020046558774957e-4,4.8535952069869465e-4,-3.1593631242762608,-3.1576865998575134,-3.159516861403452,-3.1590006574277085,-3.158038295310323,-3.157553687902378,Celastrina argiolus,male
lp__,152.053968250167,152.372704837313,1.6168244967293985,1.478147939595041,148.86924298698978,154.01010714754239,148.0949215256184,150.61709334145087,153.5623358061393,154.1691559396151,Celastrina argiolus,male
b_Intercept,2.710852291059014,2.7112516107426723,0.1972158471241247,0.19425053960214517,2.384966356048687,3.035292477575392,2.323423503313878,2.5217196157988555,2.9029657888112057,3.096649256484596,Coenonympha pamphilus,male
b_YearRescale,0.01600326119197565,0.015782239246563363,0.00954080497051717,0.009576894533452554,7.569393312033402e-4,0.03162684367163017,-0.0024136722704790566,0.006955316812211253,0.025241186260533906,0.034747440039309546,Coenonympha pamphilus,male
b_Temp,0.0017803290912367527,0.001804150517716408,0.0017480850887786374,0.0017453851495203153,-0.0011409774380215895,0.00457314511296663,-0.0017042122088005561,1.1680344624856939e-4,0.0034154887870292577,0.005197398149446046,Coenonympha pamphilus,male
b_Latitude,-0.0016356895690321448,-0.0016089048823837869,0.0037531897143382484,0.0037189548585085433,-0.007763740639416433,0.004526654910997498,-0.008964598184483964,-0.005283415508561077,0.0019491473301611927,0.005820608898961166,Coenonympha pamphilus,male
sigma,0.05834409859802358,0.058323927568670754,0.0015231220419526907,0.001508438655210086,0.05595053149940817,0.06091489587478791,0.05550143249714421,0.05684266309977426,0.059818952591749325,0.06145932210977536,Coenonympha pamphilus,male
Intercept,2.663140721695019,2.6631580178041414,0.002049049037618293,0.002048540282235493,2.659783951614519,2.666527867406348,2.6591128109315223,2.6611338446453545,2.6651223268865016,2.66719282041216,Coenonympha pamphilus,male
lprior,-3.161829734473655,-3.1618271314852757,1.9034011753399203e-4,1.889781807155365e-4,-3.1621444244270815,-3.161516196216782,-3.1622055598759897,-3.1620157879984867,-3.1616457152317,-3.161459665602261,Coenonympha pamphilus,male
lp__,1121.3834238223353,1121.7172281802195,1.6087864463111103,1.4222329906816749,1118.2769286373011,1123.3264705058166,1117.2702168256656,1119.9859378816882,1122.8404031686755,1123.4938911205334,Coenonympha pamphilus,male
b_Intercept,2.3782336172218286,2.3785789869835163,0.3573102142708709,0.3473305152684844,1.788288168013416,2.9642568552853503,1.6689053241495,2.0387314177931217,2.720595285641612,3.0704169344654484,Coenonympha tullia,male
b_YearRescale,0.04668289349164871,0.04653330579130321,0.011877836510884997,0.011641944096058838,0.02699462078493555,0.06630903445577732,0.02303469867269266,0.03502288276979909,0.058107385599016195,0.0693700856191725,Coenonympha tullia,male
b_Temp,-0.001408184782661181,-0.0014403119053120234,0.001614109981017646,0.0016283777296326309,-0.004069065602454745,0.001223907297958727,-0.0046031731313633814,-0.0029677993412727073,1.4775128705661128e-4,0.0017121467833932699,Coenonympha tullia,male
b_Latitude,0.008564059560322402,0.008569613584819773,0.006733469295531174,0.006546269877041679,-0.0024963888578606714,0.01969533438572721,-0.004514366002119613,0.0020704633367550126,0.014946662403083838,0.02209898827322216,Coenonympha tullia,male
sigma,0.039759836086525786,0.039689910266780475,0.001461257460936681,0.0014366752379976467,0.03739490955055222,0.04223890509748393,0.037053075805584305,0.038372368804259684,0.0412254848999614,0.04274190817681986,Coenonympha tullia,male
Intercept,2.886711346006184,2.8867454430974364,0.002124499037464339,0.0021630931009214423,2.8831760583107338,2.8901133794339007,2.882601601102236,2.884626739489681,2.8887618683404295,2.890841534252038,Coenonympha tullia,male
lprior,-3.146227912400542,-3.146225121296009,9.7489710908037e-5,9.76668153665181e-5,-3.1463914642657445,-3.1460713892408303,-3.146419714538782,-3.1463228919261432,-3.1461320687992815,-3.146041596041614,Coenonympha tullia,male
lp__,653.8659509248763,654.1545200175525,1.5573665110516777,1.4113741525451196,650.8044313844737,655.7824891947213,650.1014053446837,652.4969663885386,655.3019942738915,655.9176214906759,Coenonympha tullia,male
b_Intercept,2.031005298463761,2.024179854509994,0.8965756618620628,0.8799912242078675,0.574926774119588,3.512697227669938,0.2958578424131308,1.1671151027771627,2.8829408318721135,3.861360831045978,Cupido minimus,male
b_YearRescale,0.04542413775697417,0.04578519684114267,0.03293039866457781,0.032406657283652184,-0.00846416007933102,0.0996848857319317,-0.019066705837215606,0.014042001613069163,0.0768381204429851,0.11044971582060065,Cupido minimus,male
b_Temp,0.011407280700875473,0.011343534217699944,0.006559368413075028,0.00651598143958613,4.7288630371912174e-4,0.022331704731751254,-0.0013320241854425422,0.005044763970412386,0.01764235817023006,0.024793060146176757,Cupido minimus,male
b_Latitude,0.002332468839154996,0.0024473225487666385,0.017574920083042605,0.017376256501971776,-0.026765153528442564,0.03081785493150082,-0.03355436704411973,-0.01438629647132928,0.019166849524672534,0.03659174621266819,Cupido minimus,male
sigma,0.0646404287728604,0.06426050609786751,0.005722091176169696,0.005806360932235431,0.055992691959846484,0.0744431466431096,0.05471488698612318,0.05915581776646815,0.07006919805134065,0.07685905838704153,Cupido minimus,male
Intercept,2.3946047881652075,2.3945910571006435,0.007722429137851894,0.0074676269913447,2.381553990011334,2.407571435813164,2.3791971952253146,2.387271274477764,2.401728635348751,2.4098445120059875,Cupido minimus,male
lprior,-3.194050413345449,-3.194028901296023,0.0011349260136282503,0.0010929480420345324,-3.1959607699578436,-3.1921764124163245,-3.196346685731445,-3.195134400909548,-3.1929944039377434,-3.191825654373619,Cupido minimus,male
lp__,91.25028533796237,91.59231411194179,1.6569856225251804,1.5039024390943636,88.08953475994778,93.27140380038003,87.28337879928826,89.73973639347446,92.78672021599077,93.45118952917065,Cupido minimus,male
b_Intercept,2.019667746229506,2.0151191456217585,0.4850244843425682,0.4752691518097781,1.2304378267238885,2.8341396921062327,1.056900856672385,1.563970627879439,2.492563871939641,2.977081220586439,Erynnis tages,male
b_YearRescale,0.05710412214551393,0.057367412130963025,0.018791133239430328,0.018823802625975418,0.02600516063929737,0.08775203267741058,0.01988268050876681,0.03863377774558749,0.07495732874213083,0.09433334499582435,Erynnis tages,male
b_Temp,-0.0011294732948742452,-0.0010528354590781793,0.003865171964818899,0.003866421260030035,-0.007639851529396618,0.005187546334514112,-0.008758937905248718,-0.004907653368482909,0.002604457061796108,0.006283478961608815,Erynnis tages,male
b_Latitude,0.008053695074772925,0.008173224251216653,0.009189454938350388,0.008922923283199673,-0.007360117760820463,0.022968505881607544,-0.010095339866955554,-9.586804350039378e-4,0.016755760803143647,0.02607408919483123,Erynnis tages,male
sigma,0.06439309191964261,0.06425488255791545,0.0033249522281734493,0.0032534881942796415,0.05912429737442645,0.06998102003407247,0.058193873548583665,0.06129911363279819,0.06768948713575913,0.07117054101984131,Erynnis tages,male
Intercept,2.488981628231395,2.488985197917981,0.004443561326388495,0.0044281970138246194,2.4817465638852707,2.496109976735308,2.480320048666026,2.484749013510542,2.4932439947610536,2.4975965748923996,Erynnis tages,male
lprior,-3.181089398900409,-3.1810870550350216,5.683414589986297e-4,5.664627265548583e-4,-3.182021558217039,-3.180179675146509,-3.1822063185768257,-3.181631946717771,-3.180546540990253,-3.1800014093141202,Erynnis tages,male
lp__,259.631921128945,259.9520501811662,1.5755923422104123,1.3934444722479538,256.58384203841376,261.57945145286925,255.67918245838285,258.1748806013029,261.078920358701,261.7480729930303,Erynnis tages,male
b_Intercept,2.3471992588118096,2.3523222726212296,0.25558544650907833,0.2668693339955559,1.9260244289885937,2.7618500654978604,1.846524304844245,2.095527299351988,2.5974457624567013,2.829954882297554,Euphydryas aurinia,male
b_YearRescale,-0.012017313079905376,-0.012072960789761635,0.010648086845881954,0.01065734931754657,-0.02960460619193718,0.00490940156428111,-0.0331689075557338,-0.022232788618210857,-0.0015316454388827347,0.00866670466481993,Euphydryas aurinia,male
b_Temp,0.005560138089341357,0.005587175776090074,0.0021310617872584764,0.002131995507329325,0.001958203099268564,0.008981331204286791,0.0012903025658014657,0.0035007980067295564,0.007602966909425048,0.009745711265267803,Euphydryas aurinia,male
b_Latitude,0.01045266539600721,0.010346841710741399,0.004951621103590471,0.0051065708772914595,0.002301835418061078,0.01872040181735097,0.0010701471287975861,0.005575086855675535,0.015280894064171466,0.02025786774145032,Euphydryas aurinia,male
sigma,0.08623277205288257,0.0862135263780475,0.0015961307202050172,0.0015802284395318139,0.08358739238127469,0.08886234587256955,0.08315637636309042,0.08467334804346599,0.08775200286744066,0.08941655609727038,Euphydryas aurinia,male
Intercept,2.928004411975538,2.9280519466401556,0.0023048039584785155,0.0022103677240344444,2.924140542349896,2.9317809925548453,2.9232515934409364,2.925818744552677,2.93021049960627,2.932425312430676,Euphydryas aurinia,male
lprior,-3.145158821548366,-3.145157036065602,8.956101877329901e-5,8.676015862996133e-5,-3.1453104592410828,-3.1450156768565773,-3.145345505570253,-3.1452437185580475,-3.1450733954007366,-3.1449879734465527,Euphydryas aurinia,male
lp__,1481.6346766836211,1481.979466581836,1.6012189549120137,1.4552161877077372,1478.5508952827638,1483.6024889220187,1477.7875041814905,1480.1874262654023,1483.1182441501678,1483.7527376537157,Euphydryas aurinia,male
b_Intercept,3.4702411995772624,3.4686368240869188,0.25032715924655663,0.2510212077886366,3.068908956453696,3.873611926749003,3.0028767610931064,3.2231595994122504,3.717070596179861,3.9733008838412966,Fabriciana adippe,male
b_YearRescale,-0.04809964190165078,-0.04815102276053003,0.011442719887842304,0.011307164254021734,-0.06680064050431002,-0.029036922116812934,-0.07048413242172119,-0.059330039521280055,-0.03690675698721544,-0.02562154923463728,Fabriciana adippe,male
b_Temp,0.004918346290893305,0.004915666277912926,0.0017604081727224487,0.0017106527811555912,0.0020113628241121883,0.007878604766481083,0.001396713879342633,0.00326586803991986,0.006581451739418646,0.008421484774019954,Fabriciana adippe,male
b_Latitude,-0.003890656367106389,-0.0038827223913120113,0.004818260131097653,0.004892090770783401,-0.011676875212497629,0.0037963943229067363,-0.013494957825912013,-0.008673500666587028,9.228986662347182e-4,0.005164456963707342,Fabriciana adippe,male
sigma,0.047429214529792575,0.04738719337826788,0.0016136829575059664,0.001632410419337918,0.044829435394788085,0.05016709564230908,0.044377935793671594,0.04586280604947172,0.04897388869630607,0.05076010163943617,Fabriciana adippe,male
Intercept,3.268548719659765,3.268557918635967,0.0022231466699824225,0.0021787407420975585,3.2649084990622215,3.2722042128575777,3.2642386657438647,3.26641256643372,3.2706769989833573,3.272994690960219,Fabriciana adippe,male
lprior,-3.1444806851326956,-3.1444792971383198,8.165432736881897e-5,8.070558967813025e-5,-3.1446173125201993,-3.1443492384782785,-3.1446459115961742,-3.1445590503538883,-3.1444011833134127,-3.1443239849706988,Fabriciana adippe,male
lp__,713.5557477165877,713.8695088247322,1.5863184856244084,1.4237811116065704,710.479049360599,715.5010123829169,709.7278234758284,712.1577328731859,715.0205232881816,715.6615991153137,Fabriciana adippe,male
b_Intercept,2.5638990974315345,2.554614889891675,0.40907012789577063,0.39966309159673225,1.8880701377387898,3.2417911337797074,1.7725977974585136,2.174422983680574,2.957114586044408,3.401854913535959,Favonius quercus,male
b_YearRescale,0.0246362890413278,0.02451325734112892,0.019570375016829452,0.019922616480848497,-0.007258621699990707,0.05648080201339387,-0.013424055796605779,0.00562545657254384,0.04348528114350385,0.06259545565254437,Favonius quercus,male
b_Temp,-0.004165849983096999,-0.004216120801198049,0.003890487404099093,0.003826563651552659,-0.010327578633202564,0.0025523138381995055,-0.011558914547497287,-0.007847591694313339,-5.083408859020374e-4,0.003663118226339652,Favonius quercus,male
b_Latitude,0.004336301828097044,0.004460539207662182,0.007675028344720272,0.007594014930152483,-0.00825241665972579,0.017038296148833995,-0.01094481195761163,-0.003037650692543388,0.011712984740268152,0.019131266175057983,Favonius quercus,male
sigma,0.05708777371261714,0.05695276265765836,0.003093531353715471,0.0030479483423215287,0.05233450407311383,0.06243812903455152,0.05128907276002636,0.05415159134646527,0.060046471760255016,0.06351034784818124,Favonius quercus,male
Intercept,2.769791378685039,2.769750212454989,0.004328316087609233,0.004463623423114099,2.7627160550292906,2.776918981390828,2.7615321590109625,2.765608089836102,2.7739804152548504,2.7784858907255288,Favonius quercus,male
lprior,-3.1531595675876494,-3.15315815170017,3.040650729106035e-4,3.0898693277300773e-4,-3.153661737207238,-3.1526689513690562,-3.153746322864251,-3.1534557752891987,-3.1528643046361675,-3.1525636742147394,Favonius quercus,male
lp__,258.9963037662566,259.294267918537,1.5990146116463047,1.4630952111662654,256.03775347093733,260.97827023300937,255.05535730025494,257.6126724483929,260.47417138825995,261.15542847103006,Favonius quercus,male
b_Intercept,3.540433571376596,3.5430846418049367,0.3493730284369586,0.3523513903410683,2.97117179982342,4.115827834416637,2.8629338919348393,3.1938858154153476,3.8759061135943886,4.230459761100576,Gonepteryx rhamni,male
b_YearRescale,0.020181913131066744,0.02013716985308498,0.01342790792479846,0.013321943351671174,-0.0012484351803723332,0.04273242959129931,-0.005379925285294541,0.006984961252045688,0.03321124119053727,0.04686390340934764,Gonepteryx rhamni,male
b_Temp,-2.922125903945698e-4,-2.747769444189356e-4,0.0030942108555431285,0.0031550136321523985,-0.005409150859501363,0.004811732169305719,-0.006328415771018158,-0.0033144374254947375,0.00271099948063873,0.005700749921489909,Gonepteryx rhamni,male
b_Latitude,-0.004740967802846653,-0.004799197371005515,0.0065122733537081685,0.0065522399130255714,-0.015378932924777027,0.005941099965527656,-0.017672281315181372,-0.011077027400211463,0.001718562286427219,0.007703463780635193,Gonepteryx rhamni,male
sigma,0.0397709835757538,0.039684747344671915,0.002076960718624947,0.002066678892160074,0.03653070142366815,0.04330621823997532,0.03587468795189287,0.037747975176400855,0.04174317773044275,0.04406039772534442,Gonepteryx rhamni,male
Intercept,3.3179069399274876,3.317925707930617,0.002837128553683756,0.0027086186262194685,3.3131682056592027,3.3227239765758965,3.3123529607362934,3.3152505653571254,3.320531098649739,3.323643137529911,Gonepteryx rhamni,male
lprior,-3.1464405022718487,-3.1464386319946582,1.3308128476798855e-4,1.2624165021550364e-4,-3.1466681855800394,-3.1462213378302124,-3.146714527466781,-3.146562019433979,-3.1463164592430535,-3.146183191078633,Gonepteryx rhamni,male
lp__,343.08150013369425,343.3980125383724,1.5723648420587248,1.4038432997222767,340.04391242388726,345.0025602493398,339.2618947299938,341.7658310926572,344.5065858026946,345.15573226949755,Gonepteryx rhamni,male
b_Intercept,2.445878670819023,2.446775775380948,0.7104969642371255,0.7195156699636898,1.2855336199959133,3.616486504684737,1.1184934930270252,1.7632577934527653,3.109248577252308,3.892585158750697,Hamearis lucina,male
b_YearRescale,-0.003676341542199904,-0.003374278292905193,0.024844926893716524,0.025004593840409706,-0.04449670888726653,0.035975360720234925,-0.051816801015930274,-0.027867364158754657,0.020076394041436917,0.04382141008459377,Hamearis lucina,male
b_Temp,-0.008025964412141635,-0.008101514375917834,0.004228869818271978,0.004254630906304388,-0.014861567553558091,-0.0010785112611298383,-0.016243504992758593,-0.012209822564825152,-0.003857611115723073,2.7530442329229654e-4,Hamearis lucina,male
b_Latitude,0.005670321498966453,0.0055622161375007695,0.0139242455070604,0.01396263409085717,-0.017384157090693974,0.028011353307402155,-0.022223010306514714,-0.0073383877507227704,0.01900074359503512,0.03211136446009898,Hamearis lucina,male
sigma,0.04725710915141107,0.046870748528641176,0.004204125215074626,0.004102515824675557,0.04098711299198816,0.05461169079017527,0.04007889769647628,0.043240785264419046,0.051256520887774784,0.05636043998332137,Hamearis lucina,male
Intercept,2.6026063211415624,2.6025098411918357,0.0056184490011605285,0.005690498815050117,2.59347130648211,2.611881440111762,2.5920047152878243,2.597279619399062,2.607966027478837,2.6135939236842036,Hamearis lucina,male
lprior,-3.1676721002270094,-3.167674594056247,5.902350018384232e-4,5.913068507418321e-4,-3.1686478113459686,-3.16669366863836,-3.168837057713253,-3.1682211882835465,-3.1671055377530237,-3.1665367589467617,Hamearis lucina,male
lp__,110.46603477005335,110.77972775706976,1.6504638789413197,1.452710124726984,107.31636465459272,112.46422770746507,106.25483748185438,108.99252933762635,111.95998231061603,112.67232316389119,Hamearis lucina,male
b_Intercept,2.8767044445536567,2.8847220380417493,0.4017212138473094,0.3844450916953402,2.2132732286260994,3.540251937069916,2.0729801367699956,2.492280267422483,3.2518720001542967,3.665976255489214,Hesperia comma,male
b_YearRescale,0.010259498818377625,0.010120821209972413,0.016189750106251576,0.01619098884403013,-0.016615491005033567,0.036510815187372515,-0.02260041231067646,-0.005593199058904447,0.026087001513097723,0.04205800517694847,Hesperia comma,male
b_Temp,0.0049635684084306485,0.004996498881916413,0.0033037374462654527,0.0032270329509451806,-4.7584228716200834e-4,0.010376401587226167,-0.001501770414317237,0.0018275531156919183,0.008108347684993132,0.01149544390837717,Hesperia comma,male
b_Latitude,-0.008081983380764261,-0.008180571778929818,0.0077603233333865375,0.007399566881291104,-0.020946366579692906,0.004811931797867762,-0.023450125997423105,-0.015246510763632934,-7.413653448048846e-4,0.007422476334892414,Hesperia comma,male
sigma,0.05274086523939764,0.05266161599648959,0.0023418369350829923,0.0023028431655160056,0.04901136211873313,0.05669017412006587,0.04831336439431327,0.05050905934463002,0.05501206575301175,0.05753511989115501,Hesperia comma,male
Intercept,2.5462734789272066,2.5462203581307485,0.0032189349688284516,0.003263896875401435,2.5409588805433496,2.5515986421703847,2.539979572106361,2.5431821737136193,2.549444102412026,2.552559822304233,Hesperia comma,male
lprior,-3.1739511634355217,-3.1739563011247354,3.753516200992352e-4,3.806088844040671e-4,-3.1745766351149127,-3.173332643778517,-3.174684224474672,-3.1743107739610417,-3.1735810720749367,-3.1732327062634496,Hesperia comma,male
lp__,390.6921718491097,391.0168461499021,1.602954611279954,1.4554429441626964,387.62691937991593,392.67301125658986,386.7346509278251,389.23775447391876,392.1602871365288,392.8354591294866,Hesperia comma,male
b_Intercept,4.899696138342514,4.901795397028923,0.13211160851170808,0.13442379011867783,4.682139209321766,5.11541042340574,4.6396016788740075,4.770181122285739,5.028761348976687,5.147822308031404,Hipparchia semele,male
b_YearRescale,0.003289005682728615,0.0032793961469652164,0.00936012895707312,0.00953637689489011,-0.01182633039689866,0.018655511119222326,-0.014243121925979894,-0.006052358875365544,0.01236432842984908,0.021467374255686122,Hipparchia semele,male
b_Temp,6.830421965277189e-4,6.494520433109967e-4,0.0020003366849988178,0.001972564042603719,-0.0026880694150615914,0.0040064741895068715,-0.003269913982636531,-0.001231865657819583,0.0026562793032265967,0.004579001430125928,Hipparchia semele,male
b_Latitude,-0.0342092779487041,-0.03422481160061924,0.0025231524226296547,0.002556011727131465,-0.03832789053073347,-0.030052766103800907,-0.03900327462899018,-0.03668595193588011,-0.03174774466676139,-0.029172831701467315,Hipparchia semele,male
sigma,0.05664795257224021,0.056612647982425865,0.0015272715308912192,0.00151922796085275,0.054170265494884066,0.059195757443621794,0.053761887127251835,0.055197231620814094,0.05811476019582998,0.059726250380024264,Hipparchia semele,male
Intercept,3.1530470607964998,3.153083270684391,0.002169685358155375,0.0021461569041337078,3.149449244547791,3.156642430718329,3.148806774178806,3.1509360818479437,3.1551397599274873,3.1572650756762086,Hipparchia semele,male
lprior,-3.1418551323542254,-3.141854684672181,3.0669309228889606e-5,3.0626659834485046e-5,-3.141907767327074,-3.141805581572437,-3.1419188944918455,-3.1418841417414805,-3.1418254621415413,-3.1417980824477136,Hipparchia semele,male
lp__,1003.5550880957315,1003.8667536028679,1.5891969537387178,1.4339126935050037,1000.4691196148464,1005.4642221161046,999.6016487081333,1002.1128567314538,1005.006704244981,1005.664099818371,Hipparchia semele,male
b_Intercept,2.548472676554747,2.5508679779830503,0.2350179521484213,0.23524015408562993,2.153329342945881,2.932491587880626,2.0901187719880268,2.322211990354226,2.7737449474735234,3.008125364509854,Lasiommata megera,male
b_YearRescale,-0.027254681937037603,-0.027159408457593452,0.014380886538062113,0.014212558902946044,-0.0505651639890897,-0.003226510434751909,-0.05551688331726438,-0.04138738887175238,-0.013436318251935604,4.321551212261904e-4,Lasiommata megera,male
b_Temp,0.006748997464894155,0.006775722514581769,0.002597468004855261,0.0026111954368755095,0.002503081083494214,0.01103261245955474,0.001635418890344626,0.004260467567683996,0.009298656182391904,0.01173968886648988,Lasiommata megera,male
b_Latitude,0.008073643513848143,0.008060844760258003,0.004486349546884191,0.004477722212904744,7.659465637564237e-4,0.015558783952160201,-6.74624677955776e-4,0.003743913902437415,0.012447699604598968,0.016717211109751162,Lasiommata megera,male
sigma,0.04517699507476703,0.04507711246354496,0.002083294462118884,0.0020590055980706933,0.041887400415581935,0.04876801713799652,0.041361344233764974,0.0431962100027155,0.0472086226218227,0.049540481147770966,Lasiommata megera,male
Intercept,3.023996815152523,3.0239980479837625,0.0028274871200061674,0.0028088191460628117,3.0193067579805444,3.028625370975961,3.0184186403929405,3.0212828413168666,3.0266647750975864,3.0295148178427844,Lasiommata megera,male
lprior,-3.1420470509353655,-3.1420451952792106,5.012708222940325e-5,4.843453102747914e-5,-3.1421345329795245,-3.141967636361812,-3.142156114185843,-3.142093905500639,-3.1419989673148523,-3.1419531412287753,Lasiommata megera,male
lp__,429.23543002903216,429.5497318050699,1.6263859594495427,1.4402243504865007,426.0635207290798,431.19519719119546,425.1361802413106,427.80604192621354,430.7265055627921,431.3565998349568,Lasiommata megera,male
b_Intercept,2.4980106675279017,2.5033468291786027,0.18140862253963294,0.17785412848454396,2.1885270256002665,2.80544910390988,2.130154094232359,2.3222833249057175,2.66865338378919,2.855293471673932,Leptidea sinapis,male
b_YearRescale,0.00827365643278777,0.008359454645146595,0.011112765846747277,0.011006278343051274,-0.009763198102771516,0.026960285919422927,-0.013712115831265819,-0.002418973522322839,0.018786055501547674,0.030183470575384026,Leptidea sinapis,male
b_Temp,-0.0033885892115724722,-0.0034107849091349124,0.0019187168402894723,0.001964161616511113,-0.006460931853047816,-2.275781232555137e-4,-0.006996394403416573,-0.005277719976832052,-0.001539238106191593,4.42928863931964e-4,Leptidea sinapis,male
b_Latitude,0.009477840018563378,0.009401596317861857,0.003540612097051959,0.00344000222183283,0.003569700968444427,0.015437015480676377,0.002488220688752067,0.006157213582210299,0.012837618623286265,0.016594840901968354,Leptidea sinapis,male
sigma,0.0472159024893674,0.047171280151971126,0.0016087787090716145,0.0016407885996597973,0.04462642152787075,0.049924459178155044,0.04415884081337796,0.04563727979226411,0.04877746708082244,0.050417234111708294,Leptidea sinapis,male
Intercept,2.9433301565104273,2.9433411134646468,0.0022416811093128124,0.002268982320127848,2.9396695009213802,2.947019993383685,2.9388822614803094,2.9411971717579815,2.945514375373786,2.947724901711264,Leptidea sinapis,male
lprior,-3.144067042433543,-3.1440653133412733,7.634382794838048e-5,7.540176352858685e-5,-3.1441933480582245,-3.143943029726156,-3.1442209163181114,-3.1441410151140134,-3.1439930481674176,-3.1439192908265503,Leptidea sinapis,male
lp__,708.4695184489312,708.7643811573696,1.550271451786372,1.3864133478835832,705.463913361604,710.3965275267394,704.511908248046,707.093680523205,709.8894804827368,710.5423126047194,Leptidea sinapis,male
b_Intercept,2.9184727436193727,2.914420694691014,0.3818495016376599,0.39335179833552025,2.2949631290094676,3.552001820690393,2.1923369621800095,2.5476009924221117,3.280718347043032,3.6734223388414304,Limenitis camilla,male
b_YearRescale,0.0030315775531208214,0.0030350679625020856,0.01558854757069864,0.015287441010019425,-0.02235389852427641,0.028253133705191953,-0.02747604105963544,-0.01155221601922773,0.018082724250671017,0.03291894838220821,Limenitis camilla,male
b_Temp,0.008478339214678665,0.008447340106957461,0.0025896764183618586,0.002564685325676927,0.0042843773359597164,0.012759311225531108,0.0034738353128291803,0.006019682159165874,0.01099830866980364,0.013702936753228983,Limenitis camilla,male
b_Latitude,0.004598918025372448,0.004611865880692604,0.007530526967297981,0.007626760594314413,-0.00791971825377417,0.016883126247947307,-0.01032756149546338,-0.0027348528801962525,0.011870656946982607,0.018789749304173084,Limenitis camilla,male
sigma,0.0475211424854552,0.04748906574034785,0.0019278870558145462,0.0019159199268290004,0.04450516975571146,0.05079160439991555,0.043898471091762065,0.045668505393502604,0.04938473792850476,0.051435123326776695,Limenitis camilla,male
Intercept,3.2582712206466966,3.258265156244117,0.002760923719261345,0.002755619075334767,3.2537541059562427,3.2627773575004024,3.252956450554898,3.25561658720871,3.261013433272926,3.2636261816514396,Limenitis camilla,male
lprior,-3.144124247911948,-3.1441223570393073,9.540207985371046e-5,9.596453310555408e-5,-3.144280234977177,-3.1439725825475198,-3.1443172486523525,-3.14421753773684,-3.14403306626116,-3.1439460692200942,Limenitis camilla,male
lp__,486.4503228170339,486.7575331823217,1.5974527424127678,1.3659477911853573,483.4510119515311,488.34665612074366,482.5490081756102,485.0363817165668,487.87191294517623,488.52783143258915,Limenitis camilla,male
b_Intercept,2.259674251262242,2.2574746366292735,0.2922172202901011,0.29342444805496765,1.7813240216038209,2.7484800538962615,1.688744486900076,1.9756334459408857,2.538873425205241,2.835942809098073,Lycaena phlaeas,male
b_YearRescale,0.05204196576971524,0.052231966288091645,0.019164579090191935,0.019384789163112804,0.021076423296893593,0.08346054763976049,0.014164620899518454,0.03373509314206196,0.07024506380084286,0.089821969826979,Lycaena phlaeas,male
b_Temp,7.147195344495606e-4,6.798369349736041e-4,0.0033987705015895565,0.003351875976292001,-0.004947451505085586,0.006365067134924949,-0.00598429897465365,-0.002587257094575761,0.003956899680538426,0.007425851498009623,Lycaena phlaeas,male
b_Latitude,0.004749186068057073,0.00476378707535878,0.005384421356729631,0.00535729805464139,-0.004198539757394963,0.013390317634997182,-0.005881805632442756,-4.411607385501462e-4,0.009972147741840957,0.015071177923009002,Lycaena phlaeas,male
sigma,0.06362711969742185,0.06351910580179987,0.00247906837790819,0.002429264951251087,0.05976334646589342,0.06784926431229789,0.059148298520766876,0.06125472566664504,0.06601635448193897,0.06871826598422491,Lycaena phlaeas,male
Intercept,2.5833225979750356,2.5833351682402634,0.003479759520543764,0.0034445341815519726,2.577548000924844,2.5889980960603065,2.5764411005598014,2.579921610178842,2.5867427745686116,2.59002787215698,Lycaena phlaeas,male
lprior,-3.169920109666634,-3.1699166288625573,3.8039281758972385e-4,3.770552143967085e-4,-3.1705599014985935,-3.1693089327143587,-3.170673670712451,-3.1702865445304136,-3.1695483550235677,-3.1691978774866745,Lycaena phlaeas,male
lp__,439.7291336649034,440.01480823117066,1.5684610534712078,1.4454361467444607,436.69867212333713,441.69813468208696,435.8179941488678,438.33062036073096,441.1774000370989,441.84201508452975,Lycaena phlaeas,male
b_Intercept,3.174870254205,3.174154087656834,0.11967330308558635,0.12005266442651885,2.978413071038344,3.3720400418113377,2.9344831193595287,3.0611437948095217,3.2908864078567914,3.407039742578671,Maniola jurtina,male
b_YearRescale,0.005520432038761519,0.0055708324569778405,0.007721307848713424,0.007523917991907635,-0.007212744766198,0.018311903963508427,-0.009858059210037158,-0.001985822845227332,0.012874819003380375,0.02071225769385791,Maniola jurtina,male
b_Temp,-5.431704007445176e-4,-5.579959132512202e-4,0.0012344963102278671,0.0012582873834341168,-0.0026016998252458047,0.0014916391367189342,-0.0029494373547102382,-0.001738778455267564,6.570726399921792e-4,0.0018322467436977638,Maniola jurtina,male
b_Latitude,-0.0025864845000842106,-0.0025917465890978155,0.0022971901497893274,0.002292945043648078,-0.006340023287272169,0.0012145560220172846,-0.007054511575798056,-0.0048129894350616735,-3.8995808360270845e-4,0.0019920945466579834,Maniola jurtina,male
sigma,0.05767342479946137,0.05765297346834822,0.0010183241239834064,0.001026067375482013,0.056027260000493156,0.05936098161558957,0.055683941109559515,0.05668868008495966,0.05865225486388903,0.05964324457769442,Maniola jurtina,male
Intercept,3.0454194679098263,3.045417957459192,0.001469510083469972,0.0014782619674984948,3.042957602751975,3.0478420567891,3.042490332209737,3.043993326989438,3.04684058979706,3.048212253250047,Maniola jurtina,male
lprior,-3.1418848273253217,-3.1418843086183585,2.1032693318682435e-5,2.1502756220838792e-5,-3.141919588798292,-3.141851492061129,-3.141927638444785,-3.1419052673012344,-3.1418645333849,-3.141845280443963,Maniola jurtina,male
lp__,2182.9428927465956,2183.254314661315,1.5243044848175922,1.4124453931095369,2179.933300906282,2184.828293477566,2179.0935826828972,2181.5495094653147,2184.362845640658,2184.9787738537625,Maniola jurtina,male
b_Intercept,2.873669328425206,2.8875114251510436,0.6920272609348681,0.7110156943473241,1.7270925833287327,4.015755384099012,1.507055401333967,2.210344335127761,3.5570275349373497,4.216648171664757,Melanargia galathea,male
b_YearRescale,-0.016308646892414097,-0.01578129505430413,0.027832237762108938,0.026922774848522627,-0.0625529261951445,0.02935467065773442,-0.07083941798050065,-0.0432898607431545,0.010676405703616363,0.03966425028582218,Melanargia galathea,male
b_Temp,0.011778167709480926,0.011893933625181066,0.007679890436443591,0.007857572028819322,-5.951063406075732e-4,0.024044782897002126,-0.0031320569005824136,0.00419932261072455,0.019060180224113783,0.026515846527717987,Melanargia galathea,male
b_Latitude,0.002167676686441557,0.002101371914441494,0.013349812298954334,0.013722289577363291,-0.01960670551891163,0.02468768898365446,-0.023586347818772044,-0.010875778518880847,0.015143604179539812,0.02847180607647729,Melanargia galathea,male
sigma,0.06566642338722643,0.06536082828297018,0.004823047610213079,0.004782161461304755,0.05816927659208881,0.07401745508107081,0.05684120971078531,0.06102482638756201,0.07024015656175643,0.07588984187511309,Melanargia galathea,male
Intercept,3.097201229858358,3.09721075140501,0.00647465121536912,0.006411117519708123,3.086630933058131,3.107627121285412,3.0844721294200257,3.090921330029331,3.1034058716379036,3.1098885661304796,Melanargia galathea,male
lprior,-3.1416796695340694,-3.1416738682530845,6.960878213312322e-5,6.82952285210304e-5,-3.141803722252899,-3.141576493809846,-3.1418338822204586,-3.1417450360604144,-3.141613994378116,-3.1415613842971815,Melanargia galathea,male
lp__,118.7759707769667,119.0861367718927,1.546043219931676,1.3613125615479174,115.82425981647295,120.68392745046553,114.94627003438684,117.3903957576504,120.17074587495938,120.8271146746678,Melanargia galathea,male
b_Intercept,3.571947766872222,3.5565547996470137,0.589034308938099,0.5857837547068223,2.6086028820175797,4.564418794081252,2.407551735497995,2.9959684282565613,4.142772481788738,4.747092111668458,Melitaea athalia,male
b_YearRescale,0.046193457736095074,0.04654228890372195,0.01702232928812869,0.017312052047484525,0.01812962848108792,0.07373156019151994,0.012345191958622213,0.029784904115271783,0.06264216949720365,0.07903690005560722,Melitaea athalia,male
b_Temp,0.0034645688959362487,0.0034515069957101506,0.0019281176647475914,0.0019110931122769462,2.958576654303468e-4,0.006659812115649771,-2.0985792722128812e-4,0.0015765450265518989,0.0053315310920438366,0.007161363127825471,Melitaea athalia,male
b_Latitude,-0.014531749921165474,-0.014291484314101783,0.011620741062562832,0.011569099785404026,-0.03408005040024608,0.004518510732040869,-0.03753506440289194,-0.02569361463306977,-0.003108880592463525,0.008294992687701298,Melitaea athalia,male
sigma,0.06393134339790461,0.0639082747504397,0.0018448033138389096,0.0018916260576105203,0.06094693211355962,0.06705615048997515,0.060420140615696685,0.06212833177992085,0.06573722094300774,0.06768003982536284,Melitaea athalia,male
Intercept,2.9091026486640934,2.909055910179128,0.0026024769975907555,0.0025668449475304556,2.9048187507725256,2.9133980267211066,2.9040881076168765,2.906607980939974,2.9116305695571945,2.9140918004720353,Melitaea athalia,male
lprior,-3.1455323381061246,-3.145532348668425,1.0868823739237263e-4,1.0890643636742663e-4,-3.1457153439290346,-3.1453572674062538,-3.1457472322802946,-3.145635067643012,-3.1454276451643914,-3.145326634382218,Melitaea athalia,male
lp__,809.7375905392045,810.0500962417235,1.6140746722521198,1.427001653710547,806.6691210337704,811.721037085154,805.8440062425512,808.3323067066972,811.1936023461428,811.8633345011426,Melitaea athalia,male
b_Intercept,11.509385632007458,11.470125755350578,5.83638442242362,5.795224317019252,2.0727617403226013,20.90280055982205,0.32622921462657667,5.877735475381302,17.23260114787601,22.942966719452897,Melitaea cinxia,male
b_YearRescale,0.06980549940213365,0.07000305403167878,0.01772229903069649,0.017813931278750694,0.04035869099698897,0.09910370727911458,0.03534039644529809,0.05247832874039887,0.08675384584226371,0.10497538857456931,Melitaea cinxia,male
b_Temp,0.006628715789693719,0.006583471198355236,0.00380449231738609,0.003783742210321906,4.6562494756617585e-4,0.013040632671063012,-7.45817334652773e-4,0.0029743022829963766,0.01027118777394716,0.014359874870442893,Melitaea cinxia,male
b_Latitude,-0.17235878564036278,-0.17153106205427582,0.11526821226386512,0.11459118715296353,-0.3582887336660429,0.01422929211029516,-0.39764515653962573,-0.28560893587847846,-0.0614513053479102,0.048875474097444964,Melitaea cinxia,male
sigma,0.062464065633565005,0.06234473298890223,0.0032166222963631243,0.0031717013471983593,0.057484258218587776,0.06794684155374209,0.05653148076195676,0.05934058515404279,0.0655091181508471,0.0691709859427029,Melitaea cinxia,male
Intercept,2.9198728337320694,2.9199117663268783,0.004453175002609686,0.00433235084930983,2.912410868879448,2.927152745811129,2.9110961490664597,2.915584154533463,2.9241034435645767,2.9286106872863544,Melitaea cinxia,male
lprior,-3.145089227216742,-3.145083096244909,1.7523291493260973e-4,1.713343190323644e-4,-3.145384854305989,-3.144810470469105,-3.1454550638617427,-3.145252414203542,-3.144923909882867,-3.1447569219363345,Melitaea cinxia,male
lp__,256.0804836739213,256.4221865683277,1.5978254509469934,1.4030715139575511,253.0975166645453,258.02110181983966,252.1329285265433,254.66787461475883,257.53820127690733,258.1976578991796,Melitaea cinxia,male
b_Intercept,2.088645814090203,2.088615580932596,0.18610419418288357,0.18809182765093996,1.7840019864190648,2.3956981871370435,1.720451760477569,1.9113828650781626,2.270102640225057,2.450340634922899,Ochlodes sylvanus,male
b_YearRescale,0.045348338951022825,0.045164781230631085,0.00965962936178936,0.009588637337970836,0.02979142494716816,0.06159865241110412,0.026324652543451885,0.036004617766329204,0.05469395263006801,0.06473649967248576,Ochlodes sylvanus,male
b_Temp,0.005159329243684998,0.0051445868991722345,0.002081031701522759,0.002126647813148882,0.0016800880974008128,0.008601477547153194,0.001197020583136117,0.0031435003414258455,0.007221812076164395,0.009140641229967035,Ochlodes sylvanus,male
b_Latitude,0.007781598367544769,0.007799934879520713,0.003473456680496521,0.003526013454899405,0.002033986616075195,0.0133920039525431,9.898373859590697e-4,0.0044169837562105145,0.011141644238352892,0.014510829011007977,Ochlodes sylvanus,male
sigma,0.04996982766948423,0.04993445194823,0.0014964053495795386,0.0014846637993655716,0.047600104996777914,0.052515071759590456,0.04713531653293296,0.04852088283391792,0.05139524748372596,0.05296275556509055,Ochlodes sylvanus,male
Intercept,2.605028685889894,2.605014185671123,0.0020723021314918866,0.0021280217429431635,2.6016982252452627,2.608449909190861,2.601051647874107,2.603004954853387,2.6071125484485296,2.6090373323680436,Ochlodes sylvanus,male
lprior,-3.167442699360164,-3.1674437299201106,2.1657156957108456e-4,2.2225440101137395e-4,-3.167790854314136,-3.167086272198614,-3.1678567973983234,-3.1676538153211724,-3.1672256951812745,-3.1670272422939867,Ochlodes sylvanus,male
lp__,895.3875053603613,895.682126734605,1.5432278354973834,1.419918144977692,892.5662137606778,897.316537926571,891.7542348456894,893.9571121145839,896.8238719066165,897.4381266021906,Ochlodes sylvanus,male
b_Intercept,2.8605638261902144,2.86036546962535,0.19625913342489915,0.19474828290818338,2.541281416179117,3.1795477391869458,2.483184249954795,2.6725795002116195,3.047051153729062,3.243380483415329,Pararge aegeria,male
b_YearRescale,0.024029622391411102,0.023912802614372043,0.01291000924063395,0.012806734016664056,0.00304154569005819,0.04534538151429088,-9.750720305105739e-4,0.011770554831373726,0.036422079786771415,0.04924430338808036,Pararge aegeria,male
b_Temp,-0.00395291085700625,-0.00396906860931742,0.00247710547639295,0.002516966876645696,-0.008009865022638004,4.637896444238654e-5,-0.0088356313612489,-0.006343872809786978,-0.001572483475647599,7.808915829776181e-4,Pararge aegeria,male
b_Latitude,0.0033021316350163215,0.003340884642506292,0.003741442084294959,0.003688822415993703,-0.002791413033812705,0.009358620884065801,-0.004074143639358105,-2.2087865559492707e-4,0.006886522308027073,0.010677509378152284,Pararge aegeria,male
sigma,0.04070086582479257,0.04061999766825946,0.001878699119124346,0.0018939108552404609,0.03782299676135627,0.04398918181044209,0.03730466022768417,0.03886499470241939,0.04250272494810777,0.044654508293049844,Pararge aegeria,male
Intercept,3.00528952481975,3.0052977895962014,0.0026163646556454437,0.0026152846895517025,3.000967833033345,3.0095815865149786,3.000074625539283,3.0027746324908646,3.007780974607067,3.010443405028959,Pararge aegeria,male
lprior,-3.142346358750823,-3.14234476089574,5.56103274421044e-5,5.4970792869628626e-5,-3.1424400782330326,-3.1422572867574723,-3.142461078301863,-3.1423993671266555,-3.1422941431508895,-3.142238996562878,Pararge aegeria,male
lp__,429.4389015143899,429.7845996085051,1.6140636183161192,1.3873628695543534,426.3501296236532,431.38819508168734,425.2394955678482,428.0435086192338,430.89096435967355,431.5238598938245,Pararge aegeria,male
b_Intercept,2.6479562575471114,2.6381928837729087,0.4038848150675769,0.3998344900542551,2.0089084337690934,3.337008283755386,1.8744156159392653,2.253100261023498,3.034115212267765,3.4732644640025065,Pieris brassicae,male
b_YearRescale,-0.003899956063149935,-0.004012117452116101,0.015421018748015878,0.015466469118856921,-0.028825626672821254,0.0216799735028936,-0.033541704986011216,-0.018916014760425773,0.011096336166264955,0.025772693922330645,Pieris brassicae,male
b_Temp,0.004271943951760965,0.004341226241337373,0.0029928975996998965,0.002961530478565225,-7.032955176602873e-4,0.009065799008991366,-0.0016156541080482494,0.0013766850740027478,0.007113420921643067,0.009906673000312873,Pieris brassicae,male
b_Latitude,0.013543871226641808,0.01365558838818125,0.007615243597563414,0.0075016310042222865,6.239586254919505e-4,0.02565402528401882,-0.0020599391702487203,0.006249497348346674,0.02092848077008578,0.028477119113367713,Pieris brassicae,male
sigma,0.03739345770250647,0.037253067564895465,0.0022587884759523655,0.002236307950837214,0.03399020393445968,0.041274142196211956,0.03329984562606256,0.035218855328267615,0.03952364120517061,0.04217793532450081,Pieris brassicae,male
Intercept,3.3980335628041076,3.3980437652851876,0.003269455102934754,0.003280316119316004,3.3928117244540346,3.4034171015008643,3.3917014653197763,3.3948445063853696,3.4011318384489506,3.404633964468026,Pieris brassicae,male
lprior,-3.1508149828305796,-3.150812435557262,2.075117722786387e-4,2.0960942567770284e-4,-3.1511637629541758,-3.1504872690540604,-3.1512381732699395,-3.1510102422027164,-3.150611431341612,-3.1504197278511006,Pieris brassicae,male
lp__,246.34313947681096,246.67073348128451,1.5959021578748187,1.4164606298704494,243.21323129596706,248.2803101459491,242.38100759144774,244.8928063408556,247.80144038790257,248.44090760135202,Pieris brassicae,male
b_Intercept,3.0296822833762587,3.031483177646437,0.25811097089464097,0.2577117872699728,2.6048352826530605,3.4513648317786267,2.5110115865028697,2.7849647357874443,3.2726007984454277,3.531746638993676,Pieris napi,male
b_YearRescale,0.004047124877515754,0.004224980220317904,0.01788358941639593,0.017944998028214847,-0.02555988344948445,0.03296053172758857,-0.031913917095473164,-0.013142692641446636,0.021006286613449172,0.0387519217252259,Pieris napi,male
b_Temp,-1.9781188023357358e-4,-1.8141696305371208e-4,0.0026356214186804977,0.002615601840312532,-0.00450884646238465,0.004080892908157275,-0.005496349019752846,-0.0027485829460702957,0.0023433248523468506,0.004859656672463769,Pieris napi,male
b_Latitude,0.001187770936174417,0.0010912465375840959,0.004700212208300589,0.004698793779891467,-0.006447930716696835,0.009109653039324468,-0.007972333356898821,-0.0032626661996637005,0.00567494881824568,0.010500300378771421,Pieris napi,male
sigma,0.05519459151173432,0.05508007683349613,0.0024745266604531044,0.002451215017413474,0.05135387892121735,0.059404188982703283,0.05055919795196365,0.05279677835952046,0.05754028067077122,0.060400579360157955,Pieris napi,male
Intercept,3.0931408264276965,3.0932048584673564,0.0032985820144850776,0.003237806969174052,3.0877087263526275,3.0987055900630893,3.08675117820586,3.089912405647124,3.0962193148972346,3.099692614349732,Pieris napi,male
lprior,-3.1415437413953073,-3.1415423377703275,2.9734143048830485e-5,2.9030608601406005e-5,-3.141595620925666,-3.141498823833296,-3.141607311463534,-3.1415717636308527,-3.1415150657668343,-3.1414898243735814,Pieris napi,male
lp__,380.3737471211081,380.7010051838706,1.5847107133958724,1.3860010286862627,377.2904862182046,382.3011247132256,376.3780632400689,378.9872449019064,381.7885465515327,382.4459005119593,Pieris napi,male
b_Intercept,2.7069471246321695,2.707673381667691,0.4700291394834448,0.46543230416515463,1.9400631650924325,3.478300976292856,1.7729717955678237,2.262357703482338,3.14739341028943,3.632770076378904,Pieris rapae,male
b_YearRescale,-0.007143885494978362,-0.007426243660242536,0.026416230297338222,0.02648142780425263,-0.04997306766036607,0.037613292572428215,-0.05836457768946302,-0.032716737564796906,0.018322134035861134,0.044572267340944265,Pieris rapae,male
b_Temp,-1.7222293795134027e-4,-2.7688397444277025e-4,0.0033754550247942156,0.00340861054255745,-0.005668707168550672,0.005447096085292148,-0.0065636264505172315,-0.0034214102570939665,0.0031005229903133488,0.006492687195750824,Pieris rapae,male
b_Latitude,0.008904695133104438,0.008863423149629922,0.009015084759499081,0.009027425108121614,-0.005872176916503614,0.02377636773559112,-0.008768502756137896,3.0124878669990075e-4,0.017508094345923975,0.026627195040481322,Pieris rapae,male
sigma,0.05062305638887125,0.050424781763357913,0.00340738768721378,0.003355040394698872,0.04531815100577356,0.05655514078870671,0.044514506280885074,0.047361442300875314,0.05380600390167383,0.058103278549169565,Pieris rapae,male
Intercept,3.153520989885199,3.153526515027712,0.004604177073657092,0.004522043205985932,3.1458699936496735,3.160994702282599,3.144547220109619,3.149189792854064,3.1579279543450705,3.1625122547376705,Pieris rapae,male
lprior,-3.1417943378758157,-3.1417894127116743,6.458373413223101e-5,6.282139566351397e-5,-3.141908017473611,-3.1416981570080984,-3.1419322498661137,-3.1418542413090926,-3.141732838845954,-3.1416827422944267,Pieris rapae,male
lp__,185.5667441500903,185.90682723311613,1.5916872910332038,1.4282377011630865,182.50566260183652,187.5197600077873,181.7508047751266,184.08697196358736,187.0229319833475,187.69117076114392,Pieris rapae,male
b_Intercept,4.469838522402141,4.470547821881499,0.14142522241178634,0.14419611995201392,4.237270682184314,4.698835102441492,4.194673876926802,4.33213805665324,4.608965299154997,4.740484614066152,Plebejus argus,male
b_YearRescale,0.02524650895551496,0.025224990768084675,0.010518949686529316,0.010385500910138104,0.00804883670974501,0.04225198501229714,0.003994774392361966,0.015378680737549983,0.03517848252777386,0.0458124883752962,Plebejus argus,male
b_Temp,0.003180708631065626,0.0031734762392371316,0.0016161626903363556,0.0016217510692745406,4.967887811824723e-4,0.0058255409411777275,-3.870700896754777e-5,0.0016249635805981814,0.004772494543832682,0.006382173356193754,Plebejus argus,male
b_Latitude,-0.0391923077789323,-0.03924796191326141,0.0027080759284304973,0.0028300440534968665,-0.04354650037764488,-0.034792126959166496,-0.044376404452588045,-0.04188297443469336,-0.036515303942748094,-0.034007581633174584,Plebejus argus,male
sigma,0.08538199940728253,0.08539113037494608,0.0013170778594895531,0.0013246099666201728,0.0832382749517353,0.08756197086472607,0.08278687905077807,0.08410304439233333,0.08664197836263748,0.08798639232079758,Plebejus argus,male
Intercept,2.5311216822486493,2.531123289010144,0.0018911451032436026,0.0019208130752280481,2.527988698357942,2.534239207410602,2.5274723689290433,2.529308848549865,2.532931042392748,2.5347921207312742,Plebejus argus,male
lprior,-3.176215206077251,-3.1762143371827944,2.2620920536716392e-4,2.2993886074346154e-4,-3.1765886939515187,-3.1758453571887335,-3.1766572896717844,-3.176431378504399,-3.1759980551076845,-3.1757760350439406,Plebejus argus,male
lp__,2181.6479410048255,2181.9633361257747,1.5585765040132058,1.4098792914692455,2178.6782861317315,2183.5322710697155,2177.7770612009667,2180.2790012172477,2183.0829575356242,2183.6889570619433,Plebejus argus,male
b_Intercept,3.8089010875997507,3.806039392351832,0.38804479717825885,0.3861437145210443,3.1672009386992723,4.449102073985803,3.040760273036414,3.435106703511189,4.182008499565068,4.569371979980411,Polygonia c-album,male
b_YearRescale,-0.0026384482234921096,-0.0026845791105595557,0.023107209366733744,0.023085483050532728,-0.04024628696996283,0.03493598225187473,-0.04902213888698239,-0.024734818520437803,0.01988153110057806,0.042598579682085684,Polygonia c-album,male
b_Temp,-0.0034808913774362262,-0.0035184693034626775,0.0033320569769745324,0.003335399271184361,-0.008972278320842311,0.00203707471833669,-0.009973115062387081,-0.006786319675379361,-2.876382082584928e-4,0.0030366380971299906,Polygonia c-album,male
b_Latitude,-0.012290147888578688,-0.012273383658728213,0.006983816755868744,0.006969234584768186,-0.023725039108399064,-8.796319240379273e-4,-0.025948022461034087,-0.01895818603248784,-0.005538040946210316,0.0013569788875657455,Polygonia c-album,male
sigma,0.04469192639913073,0.044596367810648976,0.0024735991637771003,0.002508927911389016,0.040941452114645914,0.04888214210652659,0.04033914399379488,0.042253936507621846,0.04712135644498474,0.049862615931194766,Polygonia c-album,male
Intercept,3.1225505141192635,3.122502388856382,0.003321244631573494,0.0033160400342424064,3.1170160435074834,3.1280247248190483,3.1159052655346917,3.119341195759283,3.125780535414436,3.1291044082586352,Polygonia c-album,male
lprior,-3.141481094209523,-3.1414792412289723,2.8864739235236277e-5,2.8884467191662198e-5,-3.141530821298175,-3.141437242489771,-3.1415416201864756,-3.1415088980422166,-3.1414529746016298,-3.141431585831264,Polygonia c-album,male
lp__,288.4233353220182,288.7191038384412,1.5732130790377876,1.3770532288057267,285.4003302437102,290.3563550694677,284.5012970649094,287.0577228858617,289.8348590207977,290.52395076604506,Polygonia c-album,male
b_Intercept,1.5947245009338378,1.5947002866016795,0.23856589057013375,0.24331430144646565,1.2022789277565078,1.994101015950255,1.1422446282673289,1.36454897362163,1.8254885185860037,2.061798084087435,Polyommatus bellargus,male
b_YearRescale,0.007414787063377431,0.007460481199557032,0.008531950341023086,0.008347867968264196,-0.007010080485868707,0.020941140266703823,-0.00944497062077034,-6.584342905914547e-4,0.01580020465511734,0.02348412749699922,Polyommatus bellargus,male
b_Temp,0.0033142334018234215,0.003316757359549424,0.0011860799016229,0.0011819497216430765,0.0013451119566861797,0.005289719152386333,9.081269379266431e-4,0.002170430346256039,0.004457354718179578,0.0056089046198268145,Polyommatus bellargus,male
b_Latitude,0.0202424846186209,0.02031185135775901,0.004639482397919883,0.00467620413233855,0.012395452518092709,0.02778684735922738,0.011147114594748504,0.015737194691512274,0.024719250980572968,0.02901561537381385,Polyommatus bellargus,male
sigma,0.04851590837438012,0.04850060067384077,9.555070044738402e-4,9.196563362727667e-4,0.046915907994131686,0.05014150545674946,0.04661973857376272,0.047619610009784166,0.049410623057528816,0.05055052768127436,Polyommatus bellargus,male
Intercept,2.6916360296980346,2.6916318349453983,0.0013662257864623174,0.0013652368368367897,2.6893907104625687,2.693918864249885,2.688982252311847,2.690295287003811,2.6929800648180646,2.6942728694726172,Polyommatus bellargus,male
lprior,-3.159172547191384,-3.159173122533386,1.18544506005663e-4,1.2024710141618943e-4,-3.159368774516758,-3.1589768239343763,-3.1594044186438155,-3.159287833595457,-3.15905698532532,-3.158944039918308,Polyommatus bellargus,male
lp__,2034.4323344595477,2034.7280043227797,1.5504538400393002,1.4095041712915295,2031.4584034073341,2036.348966381942,2030.6413721465449,2033.0477536239673,2035.872335572745,2036.5097545092422,Polyommatus bellargus,male
b_Intercept,3.9743799937366187,3.976593174178893,0.1271241211859596,0.1299925519701632,3.7660061688580786,4.18549313704388,3.727568371618635,3.8496322981563833,4.096517189112262,4.22256765933718,Polyommatus coridon,male
b_YearRescale,0.030925779926343874,0.03101715808913698,0.006138174944605983,0.005921277541557449,0.02094803269906151,0.040890078526887086,0.019069296694499773,0.02499902112196426,0.036639271109221626,0.042896885296131206,Polyommatus coridon,male
b_Temp,0.0018210769390298752,0.001824876274282323,0.0011242413506348367,0.0011102086334012313,-3.236441909073542e-5,0.003677695583326041,-2.9949326205628624e-4,7.524420228918316e-4,0.0029014527001340294,0.004056983278416568,Polyommatus coridon,male
b_Latitude,-0.0244158098039014,-0.02444685800268416,0.002342202918849765,0.002364890352091284,-0.028269321019331953,-0.020563636292771685,-0.028983538061660548,-0.026679743475312094,-0.02211803112126857,-0.019863889164334212,Polyommatus coridon,male
sigma,0.07592466288705424,0.07589978936966219,7.815853922832703e-4,7.983961829293755e-4,0.0747063174698775,0.07725819562511363,0.07449758136540031,0.07514884720092926,0.07668717051253057,0.07751083506090854,Polyommatus coridon,male
Intercept,2.788454026965493,2.7884399888943063,0.0011238728449910393,0.0011354609914673588,2.786590868904717,2.790301209923948,2.7862114415850194,2.7873775914155603,2.789517930187777,2.790706231239682,Polyommatus coridon,male
lprior,-3.152153428528891,-3.152153089992031,7.528450165673486e-5,7.461792229186637e-5,-3.152279495440196,-3.152030104689533,-3.152306681895819,-3.1522251631366727,-3.152081228072971,-3.152003497315273,Polyommatus coridon,male
lp__,5359.297624380458,5359.629673253399,1.5790744076803416,1.403207322734814,5356.3368812191575,5361.189492982008,5355.319631796672,5357.894003292758,5360.742489932334,5361.353606303425,Polyommatus coridon,male
b_Intercept,3.2506318994875114,3.248088751974306,0.2601357246836954,0.26826860483561893,2.8250644884779805,3.6776539548305873,2.743268238070549,2.9953820726158256,3.508009101134554,3.7670211804978297,Polyommatus icarus,male
b_YearRescale,0.00721931329199573,0.007329323754452769,0.014243649724459453,0.014155784182167138,-0.015734777713216158,0.03055206978070732,-0.021031403231906987,-0.006608890716950092,0.02060692614270055,0.03531595106547042,Polyommatus icarus,male
b_Temp,0.0020379427754491273,0.0020219953106156525,0.001987746433682591,0.002032718144004776,-0.0011778148176873708,0.005330458278942647,-0.0018444373041199,7.742908233008527e-5,0.003934982497025201,0.0059085408454811455,Polyommatus icarus,male
b_Latitude,-0.012736350758995948,-0.012670752626029838,0.005084985381905629,0.005203323249556972,-0.021064217887550474,-0.004407610973375703,-0.02270506938030673,-0.017664851809251526,-0.007785302557305997,-0.002960836279670629,Polyommatus icarus,male
sigma,0.06129336318532639,0.06126173826189151,0.0017497027378308896,0.0017528619632376156,0.05850183314683604,0.06421851319572738,0.05801105651915671,0.05962751507491668,0.0630127245839537,0.0647748254890572,Polyommatus icarus,male
Intercept,2.6403210604550105,2.640373641291788,0.002511203531677161,0.0025602380074933343,2.6362444945666947,2.644421943038834,2.635275163566461,2.6378626771769627,2.642765266627186,2.6451627383424765,Polyommatus icarus,male
lprior,-3.1640267657818635,-3.164018294849149,2.448507697690841e-4,2.4908089795294496e-4,-3.164430845577375,-3.1636327734048826,-3.164518112663779,-3.1642684185403875,-3.163789721154709,-3.1635588942559556,Polyommatus icarus,male
lp__,823.8891030574555,824.230855479241,1.5688834931176603,1.3749349828232418,820.8676641912015,825.7873558557941,819.9613308816696,822.4935454355747,825.3033088181971,825.9457926590453,Polyommatus icarus,male
b_Intercept,2.888176497157615,2.8961136465926103,0.6534564448271202,0.6485466959548635,1.8008421173980083,3.9466722200916484,1.6241378615307553,2.2606457241232807,3.5185904434529824,4.163020759398113,Pyrgus malvae,male
b_YearRescale,0.03123025497840911,0.031218808709810465,0.027348624737417084,0.02684999787215899,-0.01436416989879938,0.0755408641656973,-0.02289554864123443,0.005090557318023637,0.05742826759541267,0.0850720108238499,Pyrgus malvae,male
b_Temp,-0.003021383324130695,-0.002888729376071478,0.004160210636757843,0.004145258743048026,-0.009820687407058758,0.0037252841572342154,-0.01119511473354405,-0.007056198822719687,9.269639092603172e-4,0.00520987160999925,Pyrgus malvae,male
b_Latitude,-0.01036608220300891,-0.010360642991361725,0.012974599252334408,0.013029135434593279,-0.03161254085065437,0.010928648314866164,-0.03542888402699578,-0.02279029454326966,0.0020496279315300246,0.015197684534585634,Pyrgus malvae,male
sigma,0.05325207603865754,0.05300694092027855,0.004117905869985224,0.004092060857052763,0.04699966834047738,0.06031365953312021,0.045936228457669676,0.049298249661562474,0.05721005727159968,0.062081557330498395,Pyrgus malvae,male
Intercept,2.3518840717901486,2.351872150120024,0.005666116408446299,0.0055461538300486815,2.342435196204703,2.3612266569051172,2.3409234461518973,2.3463551257818906,2.3572965211719255,2.3628469418942677,Pyrgus malvae,male
lprior,-3.2003446617662146,-3.2003421812651123,8.79873540686693e-4,8.580158185004034e-4,-3.201813158169704,-3.1988997008768147,-3.202072523874748,-3.201196406902821,-3.199503610753096,-3.1986543690995646,Pyrgus malvae,male
lp__,127.84162339875182,128.16764836690567,1.608821354230659,1.449993553864632,124.83464626409547,129.83936990343113,123.9064013915503,126.37153056777863,129.3029275642302,129.99990332803375,Pyrgus malvae,male
b_Intercept,2.9253516520923832,2.927438968491647,0.13679421819766646,0.1356419986050723,2.700821330080974,3.1437346385192173,2.656367958641708,2.7959899431328585,3.055023510905373,3.1881877668309215,Pyronia tithonus,male
b_YearRescale,-0.001677749465654643,-0.001673285916004821,0.006606885229319096,0.006691178613423439,-0.01244267146211825,0.008929449671812627,-0.014256377549060159,-0.008143219155163976,0.004678402438760325,0.011112297006227874,Pyronia tithonus,male
b_Temp,0.0018727995081250087,0.001862978026688481,0.0012672136500547471,0.0012680499881988095,-2.2442499986863006e-4,0.0039998073649021295,-6.226250992612531e-4,6.690411825064721e-4,0.003121371108457351,0.0043727027326053245,Pyronia tithonus,male
b_Latitude,-0.001783979722257587,-0.0018023881729162033,0.0027128973872571844,0.00270192686123724,-0.006124218527947125,0.002644748999719831,-0.006999473495555596,-0.004346590530619681,8.024528537656909e-4,0.00355832574702704,Pyronia tithonus,male
sigma,0.047463317548428544,0.047430763942271706,0.0010526465743506924,0.001054232452400278,0.04577530320628759,0.04920015678972065,0.04550011469426971,0.0464500794556955,0.04848533212516922,0.049560716237172904,Pyronia tithonus,male
Intercept,2.8584666407257266,2.8584728161606074,0.0015353878910500875,0.0015349709448122468,2.8559769586126693,2.8610037082481994,2.8554497096652804,2.8569875964617446,2.859961100937429,2.86144226354466,Pyronia tithonus,male
lprior,-3.147665728417681,-3.1476654766506327,7.968751112366223e-5,7.995944995319188e-5,-3.1477970730943294,-3.147534178287038,-3.147824684582529,-3.147741412638808,-3.1475883365809163,-3.1475126437414542,Pyronia tithonus,male
lp__,1610.781310232142,1611.105907261716,1.6177795604720535,1.3893826522023747,1607.6567180138845,1612.753341202176,1606.708496075354,1609.3976304380244,1612.2317489899847,1612.873060939971,Pyronia tithonus,male
b_Intercept,4.316966292791518,4.347336981672667,1.148121261219833,1.1272988427709156,2.429590256127468,6.204329661218588,2.1102559287906186,3.205311254276001,5.4199218080205105,6.562436523466732,Satyrium pruni,male
b_YearRescale,-0.002172377682046955,-0.0020819670312422637,0.027298659266964145,0.02726425944582853,-0.04710837865730177,0.04185655806924604,-0.05700060434765899,-0.028454779856217,0.024046661022313634,0.050666611028182394,Satyrium pruni,male
b_Temp,0.002700139271973414,0.002706173774214869,0.0031241825732736092,0.0031458912424459063,-0.0024552197144742213,0.007706622458359983,-0.003388017381236181,-2.7621246756863547e-4,0.005698575043067195,0.008796191272836557,Satyrium pruni,male
b_Latitude,-0.031115098576882962,-0.031578955865753405,0.021481493120316004,0.02107071560895645,-0.06655649021689683,0.004285506564423641,-0.07343839257376761,-0.051807155929946794,-0.01049838337455191,0.010046505418044397,Satyrium pruni,male
sigma,0.040943861112116564,0.04077009368859254,0.0027341439309867357,0.0027455690942881947,0.03669509063333137,0.04564608459454752,0.036077064853050844,0.038342590253758066,0.04360055640836419,0.04668125531967416,Satyrium pruni,male
Intercept,2.719666609002729,2.7196348400931747,0.0036954418784907,0.003567719356790863,2.7136122280349797,2.72580158994819,2.7122565002045875,2.716227652239449,2.7231851460623315,2.726992152018156,Satyrium pruni,male
lprior,-3.1567635012387303,-3.15676081778084,2.9725723003411566e-4,2.864761530104134e-4,-3.1572522535539735,-3.1562733563014405,-3.1573599864969166,-3.1570389816966165,-3.1564786519227686,-3.1561818392372323,Satyrium pruni,male
lp__,212.9252600949775,213.25411794608345,1.6572485921135067,1.4376841376283394,209.81926373700406,214.9234240594244,208.90109868612444,211.54294475898595,214.40310833937951,215.11766676076923,Satyrium pruni,male
b_Intercept,2.454533502833288,2.45277035539245,0.4322380224501811,0.42674333220215477,1.7388471039378401,3.169259137346229,1.5899192756491654,2.033568005015425,2.8657581418381324,3.2959565209460586,Satyrium w-album,male
b_YearRescale,0.020693861172716016,0.020567764959527855,0.02179770382483857,0.022618657296274818,-0.015414588675403561,0.05558085529217079,-0.02229175179600142,-5.480208122180588e-4,0.04212444010740226,0.06362346377001085,Satyrium w-album,male
b_Temp,0.009794662531225075,0.009836314396626796,0.004126060247864052,0.00398608639170148,0.002936497560541865,0.01663111027394916,0.001575875753099103,0.005841773104259789,0.013671878117792063,0.017927402967242854,Satyrium w-album,male
b_Latitude,0.001849530980669822,0.001835159750712466,0.007944682088636761,0.007828364941123496,-0.011389263797133255,0.015129166091689456,-0.01373768050468714,-0.005649433637895552,0.009572774402138794,0.01766309900124186,Satyrium w-album,male
sigma,0.04923462506481666,0.04911085705865503,0.003063782738839604,0.0030723623489717425,0.04445405929673752,0.05444796661133097,0.04357786297894087,0.046304911143346346,0.05213441265846909,0.05569014593411841,Satyrium w-album,male
Intercept,2.690326601572538,2.6903187725703708,0.004182493759414808,0.00412235674129893,2.6834497623544142,2.697331144181324,2.682010916293149,2.6863044572601176,2.694400536168588,2.6987604726621526,Satyrium w-album,male
lprior,-3.1592958124495705,-3.159291348713313,3.638622507389625e-4,3.5830778383712616e-4,-3.159898976564945,-3.15869353148452,-3.160025174104611,-3.1596455798696867,-3.1589459006461094,-3.1585772478240086,Satyrium w-album,male
lp__,217.3101213724843,217.62709517876843,1.5927233406589922,1.4522621921571557,214.4339978695881,219.27663773100173,213.48045578220757,215.833442956684,218.7760565177021,219.43304617057493,Satyrium w-album,male
b_Intercept,2.9451713806563347,2.9510772940853265,0.1946024862615501,0.19638489832709455,2.619634973153515,3.2650838456062647,2.5573231984766434,2.7543961517927547,3.131179512939611,3.3312483699429762,Speyeria aglaja,male
b_YearRescale,-0.009614597751926472,-0.00958061564530793,0.009178782256258214,0.00903005791704413,-0.024710626815658575,0.005537920112773453,-0.02744342323201747,-0.01859100788480759,-7.359231789484459e-4,0.008249244831626553,Speyeria aglaja,male
b_Temp,0.0036231553143434452,0.0036028099578722106,0.0017207257347843742,0.001750212964826239,7.513945254068521e-4,0.0064328088488351635,3.0509201361370866e-4,0.001957537787690148,0.005329928467140249,0.006993312850066703,Speyeria aglaja,male
b_Latitude,0.00597187276378973,0.005866785456259085,0.0038649516528172045,0.0038887676174899316,-3.46895815869993e-4,0.012411126460145257,-0.0015523370688865436,0.0022507083091972144,0.009770073940371962,0.013614942251797088,Speyeria aglaja,male
sigma,0.049208830390133664,0.049192340995210374,0.0014548768917561198,0.0014338071422039978,0.0468491901789639,0.051689128704168176,0.04648530304448802,0.04779078850611656,0.05056568123383849,0.052200828551880546,Speyeria aglaja,male
Intercept,3.2794218600603906,3.2794113863115477,0.001989413554599263,0.001994999910339808,3.2762043681502404,3.2827497912682753,3.275579557773254,3.27751855889069,3.281371081443623,3.2834077431432327,Speyeria aglaja,male
lprior,-3.1449017962149823,-3.1449006190044617,7.756991205185115e-5,7.7995171368197e-5,-3.1450286196539223,-3.144775918448609,-3.1450559965320926,-3.1449777357950808,-3.1448280862546385,-3.144752341946001,Speyeria aglaja,male
lp__,942.4289535635239,942.7229756910538,1.5567787281500745,1.3977529498475927,939.4974661026514,944.3482312521893,938.6502169415903,941.0441980971026,943.8620195768482,944.5103796923032,Speyeria aglaja,male
b_Intercept,3.174475413285182,3.195633599806775,0.5784236857560523,0.5708858874573777,2.213733920528344,4.117048283706094,2.033719159171511,2.6172100717430107,3.717278839675471,4.318979131779971,Thecla betulae,male
b_YearRescale,0.063167175591042235,0.063288429819882,0.026524673320818898,0.02563775505950882,0.019379803988105817,0.10767259726218614,0.010927787582965188,0.03811802285322848,0.08825237917367426,0.11778958273529119,Thecla betulae,male
b_Temp,-0.010678757935694023,-0.01064878016543552,0.005941820716939234,0.005940276353354125,-0.020543530365183874,-0.0011675962656897648,-0.02277086516250569,-0.01628976157095051,-0.00497446227183302,9.31662911134583e-4,Thecla betulae,male
b_Latitude,-0.005281990852738984,-0.005583936136546959,0.011271271233172965,0.010974274318284702,-0.023706566768984163,0.01357584553532638,-0.02738178371623645,-0.016118044433261796,0.00549944260497753,0.017091140125438768,Thecla betulae,male
sigma,0.05228322650026192,0.05192929368927156,0.004563094637324348,0.004394575657569074,0.04546474447805896,0.06009601530956019,0.044452599425556294,0.047951103413282584,0.05661140770502314,0.06192199237730764,Thecla betulae,male
Intercept,2.8295704258352057,2.8295408375594375,0.006355850035574471,0.006160461981789238,2.819012976518608,2.8399829671895014,2.8170958043044654,2.823499852556185,2.8356791280174134,2.8419619466496755,Thecla betulae,male
lprior,-3.1492956052161505,-3.149285088679094,3.6903104346765506e-4,3.5356550485682233e-4,-3.149919012336655,-3.1487123040528324,-3.1500427679682885,-3.149647906143687,-3.1489388441726085,-3.1485909078532215,Thecla betulae,male
lp__,105.0157895860393,105.34400470518652,1.6787788812395905,1.4452720422213163,101.86035490077947,107.0115959153924,100.83003381718486,103.64427464373323,106.51133950715472,107.18531678499258,Thecla betulae,male
b_Intercept,0.4414305609160557,0.44169989296972245,1.425856983957964,1.431623853112792,-1.8763542377732678,2.8366179641765776,-2.269748542480049,-0.9594356975087686,1.8165770845125175,3.2380415256133697,Thymelicus acteon,male
b_YearRescale,0.036073671923209864,0.03592734923280656,0.011761552228053364,0.011672262124833318,0.016938865796914598,0.055483287852828266,0.013159562053640118,0.02473714123319461,0.04730064382225762,0.0593537007159023,Thymelicus acteon,male
b_Temp,0.014666740177781456,0.014663589331564034,0.003512246952441138,0.003538492361609152,0.008990767334001061,0.020407364147231332,0.007935454044003438,0.011242865140956636,0.018072225805576013,0.0215738489728686,Thymelicus acteon,male
b_Latitude,0.03364003336575354,0.033604716368518556,0.02799596217248452,0.02807975891250414,-0.013379707007560093,0.07928341740830445,-0.021021469011873108,0.0066611899946090875,0.06113434628542444,0.08680574310160556,Thymelicus acteon,male
sigma,0.04908066087108835,0.04897612134639048,0.002141101457444244,0.002130914634722343,0.045693936401888034,0.05277647960950085,0.045157880716789715,0.047048586732967156,0.05114185423782835,0.05353279387630607,Thymelicus acteon,male
Intercept,2.3637731069368284,2.363737128490019,0.003007746331346086,0.00293621625485307,2.3587574408512113,2.3688100407125265,2.3578754793696395,2.360932011805778,2.366619625874814,2.3696985956563834,Thymelicus acteon,male
lprior,-3.1984669037029936,-3.198469354352265,4.6022354820164993e-4,4.4948441753984834e-4,-3.1992402416213404,-3.1976922701615482,-3.1993840080646576,-3.198898943327466,-3.198032836526424,-3.1975598074346046,Thymelicus acteon,male
lp__,421.96164459429394,422.25694891276464,1.5550678055554144,1.4128210685176936,419.0362321984032,423.8773974953361,418.14371707505256,420.60220629849067,423.3807875149852,424.02022263091,Thymelicus acteon,male
b_Intercept,1.0279784725875978,1.0250438805225475,0.3942356066402519,0.39123736556957167,0.38049071418413705,1.6892862476121449,0.260452365711104,0.6527050887799222,1.4106432680421164,1.7978128738919545,Thymelicus lineola,male
b_YearRescale,0.04606701108599648,0.046013666979918696,0.012588124302015839,0.012637737870268778,0.02480406379034288,0.06649586819202277,0.0202136011174929,0.03395309410100607,0.05864154391085405,0.07014650943224009,Thymelicus lineola,male
b_Temp,-0.01006703200584068,-0.010065259591084976,0.0028508447021849555,0.0028146026082212345,-0.014733857944312014,-0.005307290308442502,-0.015628870482454645,-0.012855912586820395,-0.007281852631010331,-0.004405967404357147,Thymelicus lineola,male
b_Latitude,0.02868816613067097,0.02873271533091513,0.007481182082235835,0.007389862230394236,0.01635226186406893,0.04107577915219225,0.014251201845310342,0.02149279271771983,0.0358790486294908,0.0431420517738989,Thymelicus lineola,male
sigma,0.05794354526261577,0.05789069813401595,0.002076484877617248,0.0021109202998155227,0.054725064401928175,0.06145860832832094,0.054098949367859306,0.05591842897457492,0.05992523583239711,0.06222641168095355,Thymelicus lineola,male
Intercept,2.4528375291623896,2.4528263166270863,0.0029786274070491966,0.002949875260055785,2.4479874337037244,2.4577838870340667,2.4470452136125513,2.4499790297807937,2.455719676137355,2.4585726618252304,Thymelicus lineola,male
lprior,-3.185753843080869,-3.185754315069471,4.03455998655162e-4,4.0402623006069026e-4,-3.1864191836035363,-3.1850913250399704,-3.186537027918002,-3.1861370490230114,-3.185361502546852,-3.1849717108143762,Thymelicus lineola,male
lp__,553.5928532828871,553.9219265919764,1.621304884220747,1.4413978463341688,550.4652615483449,555.5706740629074,549.5781590374705,552.1803204502113,555.0632882355263,555.7254824050663,Thymelicus lineola,male
b_Intercept,2.161726748353788,2.160101757925286,0.20304804831905324,0.19904284687793808,1.8253014372368361,2.488745222811253,1.7606039912695015,1.9698687571812932,2.356131516547863,2.566260516254915,Thymelicus sylvestris,male
b_YearRescale,0.020805157379333094,0.020692503430355447,0.0080827358579445,0.007752795817173849,0.00783270178696015,0.03425750356011282,0.004767377389909397,0.013073777428443619,0.02841277294530586,0.03692012860609953,Thymelicus sylvestris,male
b_Temp,0.0010651720076186037,0.0010200731591341777,0.002039410339966135,0.0020595146024722567,-0.0022679056007366537,0.00444681042386255,-0.00291979617457495,-8.705349796453344e-4,0.0030401721540196077,0.0050949781800713936,Thymelicus sylvestris,male
b_Latitude,0.006046771672328271,0.006140594809687105,0.003863822959298377,0.0037743504170328463,-1.5466789102886965e-4,0.01247946442114404,-0.0015740438539875302,0.002308766323956173,0.009697458953669809,0.013689276421899998,Thymelicus sylvestris,male
sigma,0.044892672901898294,0.04487420628034017,0.0014007428618176138,0.0014377410324136867,0.04268201083831893,0.047191362420690955,0.04228137093468195,0.04353034386522718,0.046238141181325104,0.047768669191572896,Thymelicus sylvestris,male
Intercept,2.512490471486525,2.512505621395576,0.002027021375723735,0.002066329622852135,2.509170698205014,2.5158056276365977,2.508575033548652,2.51045780553937,2.514449681275915,2.5164082470818436,Thymelicus sylvestris,male
lprior,-3.1779106402893285,-3.17790854936779,2.5021114522251616e-4,2.558621203405375e-4,-3.178320647493575,-3.177504320524783,-3.178393967321586,-3.1781623095421385,-3.1776655937795772,-3.177430952248297,Thymelicus sylvestris,male
lp__,828.237031696619,828.5466312556655,1.5420143756366278,1.3600984531437343,825.3210498285916,830.0974512386965,824.3732008699144,826.8961688942749,829.6630786949345,830.2454110565561,Thymelicus sylvestris,male
b_Intercept,3.4251209523162416,3.4194822548455814,0.3449839330873598,0.3561010386421701,2.864857108367629,3.9970809728434302,2.754291357806331,3.0927639509993945,3.7661798019155626,4.107402088460027,Aglais io,female
b_YearRescale,-2.721940537991063e-4,-7.910980460870728e-5,0.01659041955255104,0.01642347813425499,-0.027690211121009382,0.026918359288054097,-0.0327883730560399,-0.016457649800770958,0.015352085755452771,0.032853938312417987,Aglais io,female
b_Temp,0.002038596605691947,0.0020826044003327366,0.003643173523510217,0.00361531733074074,-0.003894341444871548,0.008029210917731226,-0.005073437173939034,-0.0015339519003581175,0.005512884457747564,0.009408352011753822,Aglais io,female
b_Latitude,-0.002592305747445662,-0.0024978542479265975,0.006482646964221175,0.006558005819065997,-0.01340823366311467,0.007944041349793771,-0.01549974147598602,-0.008992586007099578,0.0036956068260210044,0.009956723691486695,Aglais io,female
sigma,0.07460352280054164,0.07453247081452322,0.0024852026531495437,0.0024698555214792616,0.07066590445876929,0.07875893082241757,0.06994806616325262,0.07222821152844977,0.07704369353989038,0.07970517877962437,Aglais io,female
Intercept,3.320939090524183,3.3209172556828204,0.0035203061455509146,0.0035367965997915476,3.3151744478837806,3.326730783671511,3.314157293176483,3.31750051191261,3.324431631468976,3.327755038441415,Aglais io,female
lprior,-3.1418543139398607,-3.1418514391972545,4.3274728047282075e-5,4.2349396344987684e-5,-3.141929594229622,-3.14178766004534,-3.1419443177668196,-3.141895309706094,-3.1418131111954866,-3.1417762275090535,Aglais io,female
lp__,536.4495128816569,536.7928114365016,1.624851921529352,1.4127492502088292,533.3730655893928,538.3811681272604,532.3581920407845,535.000733188091,537.9175670272016,538.580469922133,Aglais io,female
b_Intercept,3.6310392692919513,3.6331035218463548,0.21055304493111496,0.2107345133188319,3.279135306753901,3.972886272716173,3.218676151576701,3.4270186691464533,3.833101091825239,4.045402944150869,Aglais urticae,female
b_YearRescale,-0.016283739583556816,-0.016353760713621587,0.01037844079585534,0.010267222213928697,-0.033639980402459385,5.918104397902435e-4,-0.03728550465421907,-0.026195177177589762,-0.006209694874320444,0.003714079321778902,Aglais urticae,female
b_Temp,0.0013573259518869648,0.0013493597971792899,0.0020361429069422807,0.0020488359223869317,-0.001973761136501309,0.004729697577421366,-0.002634713009475659,-5.985737577679701e-4,0.003316003985414287,0.005381350550652451,Aglais urticae,female
b_Latitude,-0.009730127290122171,-0.00974337935150709,0.003890621675022182,0.0038527483057354327,-0.016056211338172477,-0.0032473663209104174,-0.017375455442609412,-0.013474289146524087,-0.00591756892020756,-0.0021176829100015265,Aglais urticae,female
sigma,0.06587535793134353,0.065852346751506,0.0015602475593824848,0.0015807540921945456,0.06336621518147717,0.06845116871331153,0.06292221221664654,0.06436673301968569,0.06737952520999647,0.06897104838148543,Aglais urticae,female
Intercept,3.125299876345711,3.1253016181475166,0.0022559640410477885,0.0022593252190374726,3.121554231230514,3.129030903353474,3.1206691566922586,3.1231576940390497,3.127482795795226,3.1296243019796632,Aglais urticae,female
lprior,-3.1449284492892717,-3.1449272287408903,8.704437111586084e-5,8.707997585674128e-5,-3.1450732304043236,-3.144787632991723,-3.1451065129003224,-3.1450112005829736,-3.144844786637127,-3.144763628855201,Aglais urticae,female
lp__,1107.0639634482045,1107.3760498909796,1.5562571053572136,1.4202196982574193,1104.0792300765565,1108.9565637553576,1103.3098648343216,1105.642416969307,1108.4958521183817,1109.1090797011109,Aglais urticae,female
b_Intercept,3.3461579697177686,3.3418404012704324,0.34583144719541803,0.3533960581982408,2.7916047526337,3.9113066862950037,2.6710906914319525,3.0116436085352136,3.6792104713245886,4.037813980166684,Anthocharis cardamines,female
b_YearRescale,0.008167730598968644,0.008139639363246423,0.015610361082284254,0.015372029082451031,-0.01709221182422287,0.03357314450932779,-0.02223524348504662,-0.0068704654662389945,0.023145819837130228,0.03885990482460006,Anthocharis cardamines,female
b_Temp,-0.005716485623771441,-0.0057870326163347845,0.0026926547333394665,0.0026864395856914898,-0.010075001963508048,-0.0012579251857726488,-0.01091249290290906,-0.00827275439165575,-0.0031230362935425852,-3.0499945318131504e-4,Anthocharis cardamines,female
b_Latitude,-0.005309106331942704,-0.005174332951352258,0.006611953324158427,0.006708721615846927,-0.016178156882228924,0.005436298287593343,-0.01846723313203804,-0.011782730927132792,0.0010842036278217657,0.00733184254914844,Anthocharis cardamines,female
sigma,0.08070367453458832,0.08064142135893268,0.0026763906320428094,0.0026605095902647825,0.07644441331583589,0.0851062719738058,0.07565118537780476,0.07810841956048958,0.08332155714715778,0.08600358397327205,Anthocharis cardamines,female
Intercept,2.989981065072352,2.9899622239802763,0.0037365313747168218,0.003678870105812125,2.9838386027542176,2.996164566052833,2.982456148662223,2.986444274225062,2.993601916712867,2.9974580162908033,Anthocharis cardamines,female
lprior,-3.1521345528212503,-3.1521323716067005,2.502235552727691e-4,2.477465761208977e-4,-3.1525607802071836,-3.151716435466626,-3.1526451975181256,-3.152372671183975,-3.1518982935434408,-3.1516436487428563,Anthocharis cardamines,female
lp__,496.83964900353214,497.15923055390516,1.5752549560041476,1.412148301803935,493.77325051475555,498.79425397309177,493.00005664377824,495.43570080603064,498.2869006767794,498.9476590462654,Anthocharis cardamines,female
b_Intercept,3.149584312447363,3.1427108311436616,1.006752245102346,0.9883767098304408,1.479614479927609,4.787897575755549,1.1234854664698066,2.2144408545350425,4.118712279685305,5.170199972911907,Apatura iris,female
b_YearRescale,-0.017232212830058984,-0.017009576522839805,0.04334255620558719,0.04288857176432151,-0.08932781684066575,0.05361923453167272,-0.10260626121588463,-0.058459653641361006,0.02437775398927808,0.0688994222752323,Apatura iris,female
b_Temp,-0.014271175783992193,-0.014185575699681097,0.00762896299510282,0.0075123504076991445,-0.026939325008746573,-0.0015923833158289435,-0.029184614700635204,-0.021449749614201926,-0.007031900702555413,9.820319623246173e-4,Apatura iris,female
b_Latitude,0.010047948569524292,0.010225758540803884,0.019483124722167084,0.01900615179086227,-0.021673283534523063,0.04200428776688294,-0.028637449221627774,-0.008804135621316392,0.02808071806820506,0.04864272003985703,Apatura iris,female
sigma,0.07222498941568188,0.0716700534533056,0.00730269897935116,0.007162866607965961,0.061548067423391556,0.08505404698470914,0.059732810518839684,0.06533820619045276,0.07900596860786512,0.08852323353074353,Apatura iris,female
Intercept,3.560937674087681,3.5609426748866335,0.010065002259440079,0.010119661041671972,3.54449443131962,3.5773350074077515,3.5414953906148625,3.5513264545645358,3.5704656932709975,3.5802853492130833,Apatura iris,female
lprior,-3.1490343094460127,-3.1490091521826824,5.732498984024135e-4,5.70398023985615e-4,-3.1500104820898547,-3.148138206699054,-3.1501968918879566,-3.14957929394025,-3.1484731063570828,-3.147984906259252,Apatura iris,female
lp__,58.927457210305214,59.25841404581688,1.6444238327460854,1.4537617034818955,55.70458070015737,60.920138656471806,54.94160531332016,57.45413514660602,60.43146161938119,61.086213815490765,Apatura iris,female
b_Intercept,4.053731484948649,4.057433228205967,0.453781400960976,0.4474437907153446,3.306864463410503,4.784815224232894,3.15294284698107,3.611480087257903,4.490134617446711,4.937530230681997,Aphantopus hyperantus,female
b_YearRescale,0.03216709413512733,0.03204080486817548,0.022384688093893153,0.022291043472821456,-0.004791107490735363,0.06986242849150019,-0.011989075660621337,0.010176883143037666,0.05418972724983409,0.07594128016007562,Aphantopus hyperantus,female
b_Temp,-0.00560646758318181,-0.005602539456744711,0.004084290929056081,0.004021516881342955,-0.01229795157089953,0.0010804873357266836,-0.0136758721855148,-0.009460248795697391,-0.0017636163652331065,0.0024572895857576252,Aphantopus hyperantus,female
b_Latitude,-0.017957659998480466,-0.018019409619848874,0.008859593037698087,0.008749527680811654,-0.03210845157836427,-0.00323880067822949,-0.03516429697351155,-0.026418793986463147,-0.009302049204233075,-3.055326789613107e-4,Aphantopus hyperantus,female
sigma,0.05058171271024719,0.05046589316735107,0.002953862403557319,0.0029623015973031038,0.04594384694786538,0.05555869253794889,0.04497767183456454,0.04771450299145037,0.053391676481705834,0.05669597700033426,Aphantopus hyperantus,female
Intercept,3.0944993989038334,3.094467243492689,0.004195205564601024,0.0041650512828710125,3.0876895523759793,3.1013981788451797,3.086411448368449,3.0904491216818073,3.0985215858193733,3.1029740174951415,Aphantopus hyperantus,female
lprior,-3.1459871869384566,-3.145985018291095,1.8589726299496324e-4,1.843188048162436e-4,-3.146291002610448,-3.145688520036276,-3.1463562776075507,-3.1461659940490336,-3.1458111409611105,-3.145629284625541,Aphantopus hyperantus,female
lp__,221.4972710674683,221.78685450994953,1.6261656593989888,1.5189034538582047,218.51725175020485,223.5335239932312,217.6503405752825,220.0081263380803,223.02333328935217,223.70896853255957,Aphantopus hyperantus,female
b_Intercept,3.6705866419227475,3.6706834126533288,0.3217902152592227,0.32129512635911694,3.138103228398902,4.205578929777803,3.0184754264462383,3.358671608828145,3.976968509995463,4.287624034020153,Argynnis paphia,female
b_YearRescale,0.018591579474761078,0.018541754462387046,0.00908628715817007,0.009011414892218454,0.003745479957968521,0.03406583463639588,0.0012096687188111555,0.009850118757744265,0.027442213127721653,0.036707409808194355,Argynnis paphia,female
b_Temp,-0.00567818617291755,-0.005686129544623815,0.002037587951953569,0.0020468941699388317,-0.009067595365243654,-0.002376060019675527,-0.00968915600984746,-0.007620713430596708,-0.0037100225458895487,-0.001725705589376802,Argynnis paphia,female
b_Latitude,-0.0033599667497385215,-0.0033534377628548933,0.006218703699300614,0.006204397096795685,-0.013512125458177435,0.007066339160685597,-0.015359267117946227,-0.00935702588454419,0.0026492324019724116,0.009302177521267146,Argynnis paphia,female
sigma,0.05233223526704206,0.05229581372834314,0.0013965141310322258,0.001409030111681338,0.050148026429995426,0.054626179125619005,0.04961020370372806,0.050992759448190775,0.05367652427836958,0.05525481126356589,Argynnis paphia,female
Intercept,3.439545029770522,3.4395391206193002,0.0019409087801226302,0.0019543929314282124,3.4363106066277367,3.4427744179085633,3.435760120039635,3.437672742200704,3.441422044614021,3.4433445328220733,Argynnis paphia,female
lprior,-3.1435807159627034,-3.143579782937488,6.000390246085246e-5,6.155716141426395e-5,-3.1436797262497826,-3.143481817885266,-3.143701199907628,-3.1436388615293627,-3.14352261978201,-3.1434661432181232,Argynnis paphia,female
lp__,1075.3759290497785,1075.6677033750234,1.5243135055317378,1.4048859990026275,1072.4853326733964,1077.2819723139953,1071.718332899641,1073.958483719709,1076.8052576781952,1077.4319086882706,Argynnis paphia,female
b_Intercept,2.506726787690718,2.5070107333527023,0.3019438919679519,0.2960914852591057,2.014559901336468,3.0032305884909367,1.9167896812807037,2.2128585700785344,2.793368688991074,3.0893144370321908,Aricia agestis,female
b_YearRescale,0.05799610821152687,0.058282073434753966,0.014115189287046415,0.014524437185787439,0.034661965663578036,0.08071937713008735,0.03055146310607648,0.04415968873315737,0.07197658673311905,0.08453777819571201,Aricia agestis,female
b_Temp,-0.004003962542184269,-0.003994317121069889,0.0021099630311534555,0.0021593431982873954,-0.0074128172084999945,-5.826428793472835e-4,-0.008099828292111451,-0.00603619254804431,-0.001954893880930092,9.384026982824347e-5,Aricia agestis,female
b_Latitude,-4.345554506765551e-4,-4.2156522929390574e-4,0.005734318797919939,0.005670397502749857,-0.009794305410920499,0.008993146538101992,-0.011623458840994763,-0.005872792703568904,0.005130324166941312,0.010800175483143793,Aricia agestis,female
sigma,0.07183256803780719,0.0718067673563921,0.0020731491759338853,0.001999385291527209,0.06853572081862626,0.07534121782006994,0.06784812412670367,0.069831481958288,0.07380452498818435,0.07611235020803142,Aricia agestis,female
Intercept,2.4928513683048172,2.492872896130905,0.002900202023982559,0.0027772058347765396,2.4880454045368063,2.497527829318164,2.486920614044458,2.4901289081557647,2.495632984498382,2.498676254310413,Aricia agestis,female
lprior,-3.210075682202951,-3.210072022164052,4.8368322979905657e-4,4.648835239167894e-4,-3.2108845099683943,-3.20929873023257,-3.211062134752778,-3.2105253124157374,-3.2096171742227773,-3.2091190296185963,Aricia agestis,female
lp__,763.2207697926003,763.5297154153006,1.6345526125292262,1.4752981329077428,760.0967850970579,765.1984735881716,759.135419533739,761.7949764835483,764.7391049718826,765.3741103530698,Aricia agestis,female
b_Intercept,0.989598999239564,0.9959677307865489,0.998261740248267,0.989471357121116,-0.6667327132161157,2.6134473118370245,-0.9933119382020825,0.01515450787668385,1.9594067458496114,2.914994265275586,Boloria selene,female
b_YearRescale,0.1388415182847312,0.1390681671619202,0.04887135500226103,0.04884855515792563,0.059252698283422,0.21834829374407164,0.042770933403254496,0.09121870886639397,0.18612339195924668,0.2347892763777897,Boloria selene,female
b_Temp,1.0046935880257992e-4,1.0316082663797122e-4,0.005846142184658108,0.005836470283741308,-0.009318371338893032,0.00956725942950098,-0.011165826566063764,-0.005627145495921687,0.005707909440503279,0.01131925528971108,Boloria selene,female
b_Latitude,0.03527011419699006,0.03507199071937299,0.019650383693530317,0.019481016777783577,0.0031326257919676295,0.0676353777947389,-0.002605347665406916,0.016389206798818435,0.054303594966081815,0.07477287983960397,Boloria selene,female
sigma,0.05951093767286949,0.0590441390931267,0.005213040707270932,0.005017132840580637,0.051732182067887336,0.06886892636264932,0.050707854073832714,0.05459036535276379,0.06442893018540319,0.07082438672221728,Boloria selene,female
Intercept,2.9843701917520793,2.9843126986240436,0.007020739882883153,0.006903162923731979,2.9730926189362137,2.996289998997301,2.9701952160674154,2.9776532641887514,2.9909768340650573,2.998328670421397,Boloria selene,female
lprior,-3.1521960171420105,-3.1521881348982834,4.737854281163418e-4,4.690762764861e-4,-3.152980072575468,-3.1514322211799635,-3.1531716855245864,-3.1526421436689716,-3.151751682016586,-3.1512799802968963,Boloria selene,female
lp__,101.55535291608048,101.96463596865993,1.7802284190726152,1.4922070127614175,98.16485343184112,103.63048887128994,97.0714623048462,100.03474966087663,103.11688391446489,103.78232718531878,Boloria selene,female
b_Intercept,2.9329439400204493,2.9233955105193306,0.4094101489264399,0.399591607065623,2.271423799044208,3.6155039584958515,2.130562416520159,2.5472497691515024,3.3265232299600704,3.755951443677985,Callophrys rubi,female
b_YearRescale,0.03183922588877201,0.03210585658572268,0.019824272133164147,0.019936460791766947,-6.970272815180736e-4,0.06448916681515873,-0.006618491169720159,0.012957218295955803,0.050998235665070446,0.07007264567467351,Callophrys rubi,female
b_Temp,-0.0027690094630471707,-0.0027358523952997304,0.004272527707639878,0.004342220588459136,-0.009838846367527892,0.004401480450140618,-0.01121525375556524,-0.006950395382644968,0.001360895129445108,0.005856380512851305,Callophrys rubi,female
b_Latitude,-0.006631015003534547,-0.0064210992217405265,0.00782738839788769,0.007621500545253838,-0.019692304051496256,0.006169542555782641,-0.022193523067334364,-0.014173653772212576,7.558960687774757e-4,0.008631327433487936,Callophrys rubi,female
sigma,0.06264867071051272,0.06255611807454849,0.002850428379508915,0.002822766361435134,0.058149639348098366,0.06757690431686579,0.05730236260120818,0.05990768038776767,0.06534210329580366,0.06858806767101566,Callophrys rubi,female
Intercept,2.593441684173435,2.593431730973241,0.004085655831092079,0.003953164663802925,2.5866561215675508,2.6002224205758826,2.5855001266792974,2.5895182107080545,2.597312121402793,2.6015643371992185,Callophrys rubi,female
lprior,-3.1941871593865026,-3.194184847099846,6.0164316993986e-4,5.817197106661074e-4,-3.195199240320562,-3.1931945202465806,-3.195378429359703,-3.1947633019064328,-3.193616218700679,-3.1930051146505765,Callophrys rubi,female
lp__,334.08753063872336,334.41790430397066,1.6259907118669865,1.4470026592436525,330.952734988057,336.07684693489927,329.92192793173683,332.6775463649844,335.5615233851688,336.23259048572953,Callophrys rubi,female
b_Intercept,2.681349329261571,2.672528918636388,0.5471993515192091,0.552523830927989,1.791618524985432,3.593733227185427,1.6006379386602114,2.155955118782091,3.217614659050844,3.743277157252718,Carterocephalus palaemon,female
b_YearRescale,0.011141704655747719,0.010909602884892485,0.014255939940803842,0.01429624218193159,-0.011961363822440679,0.03520684899483027,-0.01630317737582789,-0.0027450295815727114,0.024932039549908455,0.03908354114404845,Carterocephalus palaemon,female
b_Temp,6.011412818338331e-4,6.135078576182078e-4,0.0018756551046742987,0.0018914410758670466,-0.002514865882539396,0.003631640455079953,-0.0031011284825799316,-0.001202021653011575,0.0024247664453831965,0.004213486857574151,Carterocephalus palaemon,female
b_Latitude,-0.00313918292853254,-0.0031854228662035224,0.010308044305311978,0.010321531133792245,-0.02025362790195763,0.013521142479714783,-0.023192916257286002,-0.01311205431496331,0.006842847003995646,0.017152109025795156,Carterocephalus palaemon,female
sigma,0.05196700430487361,0.05189293045135811,0.0018002047470247668,0.001763654101155025,0.04907951552805703,0.05499660197639137,0.04859701221791707,0.05023877050124328,0.05369713481998219,0.0556686538743775,Carterocephalus palaemon,female
Intercept,2.5400988704756666,2.540085898865538,0.0024917133069519816,0.002420614159511823,2.5359100628431834,2.544326057270749,2.5350946347613816,2.5377266911411605,2.5425004007788496,2.544991464239024,Carterocephalus palaemon,female
lprior,-3.202166169133323,-3.2021670661224633,3.922073301851985e-4,3.826765358456427e-4,-3.202825544724905,-3.2015048201090246,-3.202963707435884,-3.2025362139886986,-3.2017932417072723,-3.2013999422832784,Carterocephalus palaemon,female
lp__,643.4149663618432,643.7510882391587,1.5862926718668826,1.3550339905684103,640.4210689470099,645.3299009671131,639.3707884225198,642.0279252975586,644.8431493721694,645.499084473834,Carterocephalus palaemon,female
b_Intercept,3.681897570156695,3.6812052184037585,0.5143264642553387,0.5260336200793884,2.845322787437334,4.553405499633539,2.6827195783804028,3.1874319006810032,4.177763584834137,4.7034780363865325,Celastrina argiolus,female
b_YearRescale,0.04709321565498241,0.04713596921443529,0.022158762622793777,0.021959517230671306,0.010964124266857646,0.08347676060573175,0.003935188657021907,0.02546425253812136,0.068581873672382,0.09052751614798363,Celastrina argiolus,female
b_Temp,-0.01815120656870133,-0.018170956740493044,0.006025584876283338,0.00591249270494762,-0.028001054478668273,-0.00805586004382632,-0.03001563389314715,-0.02397216844180799,-0.012350761266801628,-0.00608111999044965,Celastrina argiolus,female
b_Latitude,-0.015092568498298481,-0.015054766276412121,0.009740732714234047,0.009983290689100125,-0.03129190396647966,6.730677347366314e-4,-0.03468120614174729,-0.024623681215556453,-0.005799951577989447,0.004160970197303997,Celastrina argiolus,female
sigma,0.0659046413634498,0.06572052525334188,0.004041647313553024,0.0039812249596949375,0.059676873712553494,0.07290048712760724,0.05876363729417987,0.06194405384367649,0.0696611380771949,0.07437370003738633,Celastrina argiolus,female
Intercept,2.713885566229592,2.7138756838825966,0.005424567070156943,0.00530479901889148,2.7048407531533254,2.723076518691855,2.7031142360198883,2.7087465951723155,2.7190334668900435,2.724496532633214,Celastrina argiolus,female
lprior,-3.177991515621605,-3.177986129158401,6.681140642838111e-4,6.559979606618612e-4,-3.179130748256844,-3.1768876281973597,-3.179341037774316,-3.178627958421777,-3.177358694835061,-3.1766848017047358,Celastrina argiolus,female
lp__,182.17800299453748,182.4821092628395,1.6019823908824589,1.4262354758872142,179.17072094780474,184.15757597571283,178.14827640590426,180.76611771110987,183.65840222914673,184.2769113388334,Celastrina argiolus,female
b_Intercept,2.8140621847911493,2.8170260109561847,0.20586688073393636,0.20606349548406097,2.477002135943817,3.1500060021375575,2.4093504599471673,2.6154072971143476,3.0133186362584414,3.2147669641573997,Coenonympha pamphilus,female
b_YearRescale,0.0472680844226868,0.04730243241636614,0.01031603759416359,0.010399966941465666,0.030168630247237906,0.06428129232621481,0.02752050509385469,0.03704322817327117,0.05717367816176891,0.06771539196760992,Coenonympha pamphilus,female
b_Temp,0.0010419941170067527,0.0010241696933852493,0.0018334056746035438,0.0018484371123100966,-0.0019315333797611596,0.004054897039742286,-0.0025313946279523687,-7.551308322320399e-4,0.0027937013906183888,0.004579451895150718,Coenonympha pamphilus,female
b_Latitude,-0.003683955978612751,-0.003740726117633576,0.003906810477241836,0.00388914311224304,-0.010021608686889647,0.0028052633388747517,-0.011342371585964843,-0.007441294426333583,4.66759849999499e-5,0.004058952312616393,Coenonympha pamphilus,female
sigma,0.07177123579819068,0.07169168045517277,0.0015347226568891224,0.0015117140378490283,0.06935150978530731,0.07444878576213676,0.06892154537208772,0.0703316395357234,0.07324979218486861,0.07490193071543476,Coenonympha pamphilus,female
Intercept,2.695273352826497,2.6952702914168754,0.0021073391928259663,0.002081846701931108,2.6918044698634187,2.6987289801610834,2.691132106122872,2.6932668112802194,2.6972894885017946,2.6994160583900553,Coenonympha pamphilus,female
lprior,-3.180393930977189,-3.1803941266729367,2.6775892870865316e-4,2.633949491867979e-4,-3.1808335042550002,-3.179960472649423,-3.1809227050904174,-3.180649447509518,-3.1801332575660846,-3.1798629586718854,Coenonympha pamphilus,female
lp__,1389.016129166814,1389.334335918341,1.598007069086139,1.4376852956620623,1386.0207829365954,1390.918116943621,1385.045212918472,1387.5935455003832,1390.4916616020848,1391.0483804210057,Coenonympha pamphilus,female
b_Intercept,1.9329156973609012,1.938939852070651,0.37573195901384565,0.36729792986081533,1.3171596724292824,2.559323656146177,1.1961400220960514,1.5701568075582426,2.292545864391019,2.6830700753603676,Coenonympha tullia,female
b_YearRescale,0.03833344169402673,0.03839688632584341,0.013174282879676003,0.013489998021592257,0.01698059076174973,0.05988075435861965,0.012651615483311599,0.02560205637876851,0.05117665589320717,0.06448499297225725,Coenonympha tullia,female
b_Temp,-0.003798406496216239,-0.0038216294008933133,0.0018166735417800642,0.0018309531985737958,-0.006759980288468946,-7.800322994578368e-4,-0.0072903730474930106,-0.005542423169041815,-0.002046148566955688,-2.1797781155838804e-4,Coenonympha tullia,female
b_Latitude,0.017629399982175168,0.017477891341115943,0.007051740497848781,0.006897219346265044,0.0058372518762994765,0.02914415411779058,0.003639836236442742,0.010865259781476087,0.02441984714043857,0.031484429446327504,Coenonympha tullia,female
sigma,0.04342707392911589,0.04339835434944171,0.0017016130225756807,0.001725230525400714,0.04075091382477074,0.046274794736220454,0.04022216549780443,0.041774555786234464,0.0450405922158363,0.0468738951765822,Coenonympha tullia,female
Intercept,2.893006590135762,2.893046310390804,0.002371015975963384,0.0024362613860484427,2.8891243043996475,2.896832228186818,2.888415341579517,2.890693501847484,2.895261637428636,2.8976135322093284,Coenonympha tullia,female
lprior,-3.1590050944176107,-3.158999185750072,2.045353327231987e-4,2.0935730300433706e-4,-3.159345997263538,-3.1586754876072964,-3.159403773026096,-3.159204428972157,-3.1588112967430995,-3.1586102722678646,Coenonympha tullia,female
lp__,557.9596514789448,558.3005460658867,1.6118743723644777,1.4041945690115278,554.9383742472767,559.8877779419229,553.7550546992215,556.5709370050528,559.3993774995896,560.0460128151093,Coenonympha tullia,female
b_Intercept,2.283483137161689,2.2836648301543274,0.22963915193875878,0.22123746408366682,1.9022947977405136,2.670554698522816,1.8370553449828635,2.066283831988817,2.503497053147637,2.738188243856861,Cupido minimus,female
b_YearRescale,0.04958093387750531,0.04964585093872749,0.012368413763280104,0.01214478533735373,0.028921956485131357,0.06996050712301095,0.025144822750202547,0.03757776124724598,0.06131438490784308,0.07396295181676116,Cupido minimus,female
b_Temp,-0.004499394732294041,-0.0044856576680862075,0.001965549025946644,0.001992325032147642,-0.007778052491264889,-0.001290997784745436,-0.008382961267754842,-0.006365432154295083,-0.002592548316309752,-5.956818390689566e-4,Cupido minimus,female
b_Latitude,0.0021436807015883406,0.0021606564527993184,0.004435959371271806,0.004268263510311708,-0.005236023319428794,0.009500616970592705,-0.006613232112402226,-0.002086887653822623,0.006391050373303711,0.010927690442628975,Cupido minimus,female
sigma,0.07444412943710522,0.07441444483349641,0.0017085339355621626,0.0016983576875138052,0.07167807486663977,0.07725776801080933,0.07122244169956123,0.07279779155143147,0.07610469758793231,0.07790286860926657,Cupido minimus,female
Intercept,2.3840041934953202,2.3839855587354823,0.0023757560043732298,0.0023917296442831403,2.380053639832949,2.3879443113105454,2.3791839658865612,2.381747454471526,2.386353543891109,2.3885389161297406,Cupido minimus,female
lprior,-3.229357668586054,-3.229357975201663,4.457404404549777e-4,4.48997217221989e-4,-3.2300965445101992,-3.228617104610775,-3.2302608216772213,-3.229780602380993,-3.2289189443192985,-3.228511425231149,Cupido minimus,female
lp__,1122.894935151339,1123.1976612227106,1.582651137526153,1.4026456760679287,1119.936704201113,1124.8423282915958,1119.04772754201,1121.5440377515056,1124.3353062241754,1124.9868265240027,Cupido minimus,female
b_Intercept,2.4455081204349685,2.44369348503081,0.2450762150084078,0.24725609782319702,2.0460599085160465,2.850445407661603,1.974601024647367,2.2026080332396103,2.682131928798482,2.9376495701609335,Erynnis tages,female
b_YearRescale,0.02840290197004439,0.028320636342340937,0.011005372927684953,0.010501728208797594,0.009956417453852902,0.046834559451216645,0.006761773195049478,0.01808850952780447,0.0388099293471435,0.05004556572079999,Erynnis tages,female
b_Temp,0.004599360541030309,0.004603211868498807,0.0021991818478613702,0.0022359693067128786,0.0010442773699884194,0.00821612221931242,4.075540565531594e-4,0.00248689832987922,0.006720964430495892,0.008886482635178867,Erynnis tages,female
b_Latitude,-8.695745916815897e-4,-8.406122886098661e-4,0.004663138388291233,0.004693822220288451,-0.008646094356945222,0.006806480885625878,-0.010155828242883231,-0.005423947905008898,0.0036633348665091126,0.008128261076964282,Erynnis tages,female
sigma,0.05420632107492796,0.05415230516833664,0.0016824173963991514,0.0016482605717232418,0.051462183475097324,0.057039179860012196,0.05104231926124604,0.052598684487359874,0.05584889207467751,0.057605369801877214,Erynnis tages,female
Intercept,2.512103125627968,2.5121053756239426,0.0023904126061370912,0.002451078433287242,2.508195417232162,2.516051884159401,2.5074469569198574,2.5098323142261876,2.5144245788217487,2.5167234557390654,Erynnis tages,female
lprior,-3.20667037154346,-3.206670316745056,3.898584275552974e-4,3.9760152800708877e-4,-3.2073119364993463,-3.206027894603921,-3.2074281403940277,-3.2070391363462263,-3.206293077096614,-3.205918766344613,Erynnis tages,female
lp__,767.8125023071235,768.1160407686677,1.5417330588101843,1.417446917992619,764.8911498857265,769.7180535804821,764.0091169261293,766.4346401937341,769.2345714663702,769.8576288461084,Erynnis tages,female
b_Intercept,2.2585806895623413,2.261946087741169,0.6305040325883959,0.633074841351638,1.2260385943352046,3.2922671155509358,1.0234897454531693,1.655718060390721,2.8661178269009806,3.4810825678138513,Euphydryas aurinia,female
b_YearRescale,-0.016669091860493646,-0.016127759336375447,0.023006062857253443,0.02300935405856343,-0.0552151716723239,0.020412653003972835,-0.062137232979118676,-0.0397978733013447,0.005662508152179827,0.027834892193181318,Euphydryas aurinia,female
b_Temp,0.001078991453762726,0.0010608872425983255,0.004703730986886029,0.00463157782482906,-0.0065891393859416145,0.008775204913501224,-0.008149051852590449,-0.0034868450708752117,0.005652718410801433,0.010263135721927042,Euphydryas aurinia,female
b_Latitude,0.015026490125862794,0.014984319830402559,0.012095953523123306,0.01218782748240755,-0.0049400201359985005,0.034766375228433885,-0.008737180206846799,0.0034221520330654192,0.02679376538012296,0.03856901469761533,Euphydryas aurinia,female
sigma,0.07903770207034427,0.0789736140446283,0.0035813229640720423,0.0034984165703321997,0.07329465173912209,0.08499714850350873,0.07230457679951137,0.07561698695927617,0.08242553102708497,0.08622205253855457,Euphydryas aurinia,female
Intercept,3.016307268688289,3.016338111288872,0.005118049788415237,0.005034072650351173,3.0077155892143588,3.0245897221027054,3.0060307710097325,3.0114486527457553,3.021249864939682,3.026208802840018,Euphydryas aurinia,female
lprior,-3.1504486663439253,-3.1504405730466964,3.1580712082930677e-4,3.10841446022247e-4,-3.1509788173168336,-3.149938473586243,-3.1511063391056258,-3.1507488035666062,-3.1501515419426704,-3.1498433661180676,Euphydryas aurinia,female
lp__,268.08544485786,268.4283746101298,1.5832320568356668,1.4059670034834206,265.085750866547,270.00810911638524,264.0964299470023,266.6772935261446,269.5386647442315,270.17345079122043,Euphydryas aurinia,female
b_Intercept,3.754010446140307,3.754203913958892,0.2950758915471986,0.29695863637273845,3.265540761725338,4.234819065950526,3.159319491012014,3.467280483355918,4.041904679869688,4.324683936767175,Fabriciana adippe,female
b_YearRescale,-0.013846989566907818,-0.01416811860626633,0.016292091383182515,0.016359461805325562,-0.04053356407478565,0.013210382518698865,-0.04540365648505744,-0.02932159665132776,0.0022348965290168656,0.017853120782549886,Fabriciana adippe,female
b_Temp,8.298709067926001e-4,8.726651378602371e-4,0.002179798043825023,0.0021436836747342827,-0.0028354295716988176,0.00443569222680457,-0.0035276772852572916,-0.0012503706416405072,0.0028689093528779914,0.005127508738073745,Fabriciana adippe,female
b_Latitude,-0.007829261125664065,-0.007878549051757668,0.0057053913263696195,0.005697488487565872,-0.017193853311272163,0.0016241211352012073,-0.018779448526834622,-0.013506682779995768,-0.0022906380480447078,0.0037607349285127363,Fabriciana adippe,female
sigma,0.050031422594916795,0.04999456348905145,0.0021204728239369846,0.002110777055704916,0.04669229033961398,0.05363825319855501,0.04610098301523385,0.04795626097254249,0.052076421397636546,0.054337809430973084,Fabriciana adippe,female
Intercept,3.3453050362594468,3.3452858637755054,0.0030243296221379276,0.0030757416278987416,3.3404035153531875,3.35022172557306,3.339406402734041,3.3423803018055818,3.348304215438647,3.351220768918532,Fabriciana adippe,female
lprior,-3.14169934722407,-3.141697798638682,3.7093659623632644e-5,3.664007531160944e-5,-3.141763087564831,-3.141641113160094,-3.141777557146034,-3.141734531446584,-3.141663791491266,-3.141631203799093,Fabriciana adippe,female
lp__,440.6559215867049,440.986553650778,1.614219794565601,1.449909965329705,437.5916983196481,442.65004255391085,436.6765542906395,439.2430960302085,442.11983882798756,442.8230444825568,Fabriciana adippe,female
b_Intercept,2.907928055711818,2.912764328588896,0.39256957802459097,0.3896530130919219,2.2696152554675333,3.543992828257215,2.1395479053253763,2.5341360446932777,3.279716918273823,3.686506244071132,Favonius quercus,female
b_YearRescale,0.0284716157480267,0.02862897358840036,0.019735957303749257,0.020135330113582556,-0.0038248214901730614,0.05967643913287389,-0.010407619768430713,0.00931676559272847,0.047835482528438604,0.06706641881330974,Favonius quercus,female
b_Temp,0.001088410214046,0.0010843976656723384,0.004033525062226517,0.004026107187372526,-0.005565956382507462,0.007861412855293529,-0.0066368157150632065,-0.0028323965847780056,0.004966626931539066,0.009101074593460705,Favonius quercus,female
b_Latitude,-0.004299580728834704,-0.004372106729586937,0.007351145965560773,0.007230625890364742,-0.01640761881830619,0.007720951540246277,-0.018735949864771558,-0.011371747953611715,0.0027683002346306444,0.010209707116827012,Favonius quercus,female
sigma,0.05944120890715301,0.05926460077498942,0.0031701932972042156,0.003144440959714466,0.054592534944274816,0.06472135647453785,0.05371256809012021,0.05641615719527931,0.06255743367961301,0.0661011494558907,Favonius quercus,female
Intercept,2.7372013030891225,2.7371972131118674,0.004398582938531649,0.004438073402053075,2.7299223953609113,2.7443057610485,2.7282893111826545,2.732950631593868,2.7414042884917675,2.7458535828974706,Favonius quercus,female
lprior,-3.1750955161936685,-3.175091214755047,5.224679632394139e-4,5.186089338573136e-4,-3.1759713066284854,-3.1742470363320896,-3.1761689344505597,-3.1755953948770737,-3.1745917370023355,-3.1740786714020945,Favonius quercus,female
lp__,259.96385490347615,260.2995302344664,1.6054893361573477,1.4171654035073484,256.78402104670005,261.89450941007016,255.97514265129806,258.5174888115708,261.4254910221345,262.078594552018,Favonius quercus,female
b_Intercept,3.454204784741787,3.4550040645733597,0.35995420625577335,0.3610562576641684,2.8575228778205974,4.044939678902313,2.741802949549019,3.108337506290532,3.806486175568687,4.155291043734447,Gonepteryx rhamni,female
b_YearRescale,0.015341234261962837,0.015094875183133547,0.015417191782111397,0.015357455376897306,-0.009998237484123068,0.0406570345288413,-0.015048911844188398,8.527656450289782e-4,0.0301292837390658,0.04493991989154054,Gonepteryx rhamni,female
b_Temp,-0.003800277097749944,-0.003734227975860276,0.003168711196242385,0.0030878255398285215,-0.009092080448492239,0.001387797366818578,-0.010050307743930523,-0.006874586434219176,-7.768548868886142e-4,0.0023787451050930335,Gonepteryx rhamni,female
b_Latitude,-0.001680862329249329,-0.0016799669419619951,0.0067152497839754995,0.006800262516875567,-0.012587003264778131,0.009573583962158069,-0.014577570961724112,-0.008301259509051041,0.004801426586883496,0.011611133591894833,Gonepteryx rhamni,female
sigma,0.042226020241234084,0.04210628917040053,0.0021220558603340365,0.0021113553782650526,0.03889226837225663,0.04599798328763962,0.03839444122576962,0.04018059549750573,0.044258057523703265,0.04674538021855711,Gonepteryx rhamni,female
Intercept,3.332227178430262,3.3322045145111474,0.0029390746797122213,0.002976766678209568,3.3274913625723253,3.3371101465725,3.3265076177162927,3.3293743605078845,3.3350510640508375,3.3381048948743928,Gonepteryx rhamni,female
lprior,-3.1415143450519447,-3.141512562872748,2.7733161237211747e-5,2.7316688378841557e-5,-3.1415631199882204,-3.14147135296454,-3.1415747512564725,-3.141539958359598,-3.1414879941127776,-3.141464497075618,Gonepteryx rhamni,female
lp__,341.9337509441984,342.25457933070095,1.5917527934812232,1.4352523588409825,338.8137152547623,343.9190233407579,337.8982177051164,340.5152860828472,343.4177115709517,344.0906160033082,Gonepteryx rhamni,female
b_Intercept,2.573022923849555,2.5721151671683065,0.19828493011211665,0.1980850252450984,2.252434750316975,2.892245340555733,2.1939690465898254,2.381776044778663,2.7636647736127737,2.9532319043380744,Hamearis lucina,female
b_YearRescale,0.009918225495095535,0.009967747667601033,0.00873004350870449,0.008834630720188193,-0.00431649658589155,0.024510813536863286,-0.006777673508724133,0.0014199002064381185,0.018266329914989755,0.027071861211952333,Hamearis lucina,female
b_Temp,-0.002318439644843691,-0.0023294176195719253,0.0014171492049040188,0.0014014299967376324,-0.00469879935715607,5.429803103816645e-6,-0.005110627679103714,-0.0036585102191357883,-9.774088540279884e-4,4.4551069426382024e-4,Hamearis lucina,female
b_Latitude,0.001157223987669625,0.0012436554673295349,0.0038801636221314213,0.003933763792418891,-0.005067314177676137,0.007360436680916319,-0.006303609667916511,-0.0025820671326328504,0.004935355608750506,0.008542564987293926,Hamearis lucina,female
sigma,0.04744409919578622,0.04741757086554261,0.0012803659303490904,0.001311975393329212,0.04539084533476326,0.04956104950361143,0.04506086596531305,0.046201995614778855,0.04869905384127518,0.05003386431506548,Hamearis lucina,female
Intercept,2.6078936895529474,2.607855241114101,0.0017847981389819232,0.0018284079261282045,2.6049946270117443,2.6108201705570178,2.604395115025157,2.6061826243700175,2.609623034665656,2.611408339070871,Hamearis lucina,female
lprior,-3.1919053247439937,-3.191909472346225,2.572066688506303e-4,2.634925962213601e-4,-3.1923255097149204,-3.191482758933695,-3.1924082750180807,-3.192151660048823,-3.1916552340849518,-3.191398491520928,Hamearis lucina,female
lp__,1143.4869367821138,1143.8125539698046,1.541694468274806,1.3952320328134329,1140.4132571693135,1145.3312408628374,1139.634157951927,1142.0529067598065,1144.9091062898806,1145.5166242475548,Hamearis lucina,female
b_Intercept,1.896893964624742,1.897603671351529,0.4904016262907932,0.49021548750204375,1.084870527897287,2.7030510515004904,0.9488651542160896,1.4264035719440258,2.3607404129860314,2.853362182597662,Hesperia comma,female
b_YearRescale,-0.013069616380707739,-0.012929090205730034,0.01739932313307222,0.016971653632645075,-0.042469950051435196,0.015258586059822698,-0.04899767365011121,-0.02964113583146774,0.0034788985722199644,0.021152954205098804,Hesperia comma,female
b_Temp,0.004466123419054885,0.004447227189720989,0.003207303969128076,0.003125882166430058,-7.932921452097647e-4,0.009812513490474708,-0.0018704889391023027,0.001405618709477086,0.0075335035699185616,0.010857143019134778,Hesperia comma,female
b_Latitude,0.0135328146850064,0.013471387813946228,0.009399994682538257,0.009475338688970858,-0.0019038893177931858,0.029004980320614382,-0.004876812634754599,0.0045962200202983436,0.02266328028709955,0.031845106469379575,Hesperia comma,female
sigma,0.05775168523749168,0.05767052163502495,0.0026121111172441778,0.0026238674431370377,0.05364535788532956,0.062289707421160696,0.05293815857767672,0.05514734731937343,0.06020880391552679,0.06314807456125335,Hesperia comma,female
Intercept,2.6389610917200828,2.639054145574206,0.003651548753981876,0.003655204525640462,2.6328047367841587,2.644899587289386,2.631713656576233,2.635425557113015,2.642502466201746,2.645996237810548,Hesperia comma,female
lprior,-3.187645319966157,-3.187628297069776,5.038288390386887e-4,5.0039277705175e-4,-3.188507686282492,-3.1868355785849487,-3.1886582090618525,-3.1881295397764173,-3.18715854056963,-3.186670052104834,Hesperia comma,female
lp__,357.17135518754185,357.48088422368187,1.5972114971756457,1.4795242448530925,354.14575209880417,359.14575432971,353.15884733164705,355.7654516883712,358.6587900049355,359.30040164905637,Hesperia comma,female
b_Intercept,4.933990615537466,4.936440772731489,0.15595895978460977,0.15326291770974879,4.675040818932245,5.189132613871893,4.620944891464544,4.7836397075658885,5.0818996708469335,5.2377812645134485,Hipparchia semele,female
b_YearRescale,-0.005280613294389715,-0.005016674468628976,0.009712069539952864,0.009564601633713221,-0.021312197965813368,0.010622472189147709,-0.0243609907238954,-0.014612971017845394,0.004102123119931093,0.013328503418948631,Hipparchia semele,female
b_Temp,-0.002737668750045903,-0.0027492636752147613,0.0023679272282011105,0.0024221575875599992,-0.006575637660361892,0.001326681574195451,-0.00725556881706762,-0.005037472122199573,-4.311235702740083e-4,0.0018874145475684917,Hipparchia semele,female
b_Latitude,-0.03222789169234289,-0.03223614636488838,0.0029768049001680564,0.002909372006998005,-0.03703514669791603,-0.027299848652912517,-0.03808647943865317,-0.035022562266190375,-0.02937570221828106,-0.02635292706358668,Hipparchia semele,female
sigma,0.057695267744034696,0.0576643600388875,0.001671687824723599,0.0016571483638534571,0.05499660366195997,0.0605267824322381,0.05456210980242133,0.056079144828141185,0.05934773714694433,0.06104057814628514,Hipparchia semele,female
Intercept,3.2536747741860994,3.2536758126237872,0.0023655597163815194,0.002381557686572837,3.2497456423492386,3.2576577403784297,3.249047655728577,3.2513764064023505,3.2559488638797753,3.258329776840436,Hipparchia semele,female
lprior,-3.1417968077283818,-3.1417956976484698,3.105686558159622e-5,3.056699283945065e-5,-3.141850085087122,-3.1417477529047115,-3.141860291541684,-3.1418262713165657,-3.1417669053619406,-3.1417398393558247,Hipparchia semele,female
lp__,848.1948153701048,848.4973509216476,1.5649379323747057,1.4165714277008554,845.197265738234,850.1365642375017,844.3263902172104,846.7591542283619,849.650851194597,850.2926158890134,Hipparchia semele,female
b_Intercept,2.693402659657436,2.697761225361078,0.2512928455669048,0.24804779634828886,2.2855425663440716,3.108906241687232,2.205214877890847,2.450127763093696,2.9337315587380255,3.19575454599717,Lasiommata megera,female
b_YearRescale,-0.0014894864107922183,-0.00160179039127274,0.015088932753444207,0.015181573269134564,-0.02644032786599817,0.02320184022824865,-0.03137816653399939,-0.016183315030388216,0.0131665316370174,0.027163236865290468,Lasiommata megera,female
b_Temp,1.7403257878262823e-4,2.1855082406156356e-4,0.0023101700200811835,0.0022483278015197872,-0.003616968976393241,0.003954162712440316,-0.004495486028654185,-0.0020338456103328423,0.002347221150322837,0.004720669481873613,Lasiommata megera,female
b_Latitude,0.007718402327926754,0.007658414307026076,0.004746598459680031,0.004709918889125988,-9.03098903780197e-5,0.015476598458576612,-0.001601069843220768,0.0032643207880240057,0.01230941868902282,0.016870513713246393,Lasiommata megera,female
sigma,0.0460026599318489,0.04592061576299559,0.0019699957803631487,0.001954728360453265,0.04291564952085235,0.04933357408428164,0.04241277480567413,0.04409878801504737,0.04795837036036654,0.05008364405863465,Lasiommata megera,female
Intercept,3.0897006547926984,3.089689910270069,0.0028297378486233957,0.0028661625808891486,3.0850412199409365,3.0943180841418236,3.0842285624148973,3.086969420725607,3.0924666592385246,3.095234177424266,Lasiommata megera,female
lprior,-3.1461508295193554,-3.1461499149421606,1.2810797032877748e-4,1.2873804119374886e-4,-3.1463645413420216,-3.145942630613355,-3.1464062411360945,-3.1462753783415245,-3.1460265825386644,-3.145900486092719,Lasiommata megera,female
lp__,455.87922768911073,456.19305853948515,1.5820534407132305,1.4572263010601523,452.7636257621971,457.82274095307594,451.92144611957616,454.39944380365904,457.34355568004815,457.99961562926023,Lasiommata megera,female
b_Intercept,2.672093577252111,2.6630670269327323,0.36523506795065847,0.36711720360870076,2.082777030554167,3.2884144994672098,1.979512840107665,2.3163639112998293,3.035081456970315,3.377887715994994,Leptidea sinapis,female
b_YearRescale,0.05538456994851694,0.05528399181470205,0.01863166979682575,0.018729897340678845,0.024738794013806943,0.08548544116155253,0.018015014890182684,0.03778523042208557,0.0735285693155355,0.09174605708453963,Leptidea sinapis,female
b_Temp,-0.005502766995895678,-0.005513892708798427,0.0032496250288371253,0.0033165122147077604,-0.010900153250364258,-8.784794848158551e-5,-0.011843285735568915,-0.00861864393955695,-0.0023048981773121603,9.394211672604614e-4,Leptidea sinapis,female
b_Latitude,0.0056273863170073395,0.005718184484968481,0.007018366428877006,0.00717989290814431,-0.006066781842729613,0.01694267053910629,-0.008218677400726708,-0.0012944785319695693,0.01244818464328284,0.019059929406793956,Leptidea sinapis,female
sigma,0.05241321736187615,0.05223517490848313,0.002806958627147008,0.002834054231279513,0.04801041577776734,0.057246060218829824,0.04735927240687334,0.049694594697968414,0.055177928844684906,0.058168987186165144,Leptidea sinapis,female
Intercept,2.9472711011901476,2.94728234608489,0.00378581565692102,0.0038325555432430886,2.9411507239969295,2.9535079735026506,2.9399594298666165,2.9435976279273897,2.9509226529920274,2.954746475921434,Leptidea sinapis,female
lprior,-3.1547347092616915,-3.154733026175265,2.854511728058109e-4,2.8803696601045065e-4,-3.1552070244657444,-3.1542733527817934,-3.155296571064869,-3.1550113227301972,-3.1544571305847016,-3.1541822585956325,Leptidea sinapis,female
lp__,277.87799646305047,278.18940663508226,1.6037187584427957,1.3985531816645713,274.8041272482746,279.83682161560165,273.87532320017834,276.4643012687005,279.34321151849144,279.98331271147873,Leptidea sinapis,female
b_Intercept,2.7557273497494057,2.7631662823986516,0.48943005036122744,0.4876811940714774,1.944063633519995,3.547814749817098,1.799722598843762,2.2836738321694092,3.2128837757876543,3.7191845142866806,Limenitis camilla,female
b_YearRescale,0.018979148906812352,0.018806482942761587,0.020168715810328346,0.02006680747455218,-0.014378890683274486,0.05187807500724526,-0.020424528151640767,-3.0151784263126636e-4,0.038132619902145,0.05905118039098029,Limenitis camilla,female
b_Temp,0.0019991234190186295,0.0019225658752784988,0.0033053356987880335,0.003346483390673834,-0.0034288031442705905,0.007444342134332435,-0.0044361598460316,-0.0012318652161278842,0.005253796128405758,0.00868323575810833,Limenitis camilla,female
b_Latitude,0.009648336135325916,0.009447903453570746,0.009675089764075117,0.009539198671159186,-0.006388939604560264,0.025706825564019074,-0.008997794146132998,5.746858657598089e-4,0.018978937521188576,0.028638287019908434,Limenitis camilla,female
sigma,0.055007476724221925,0.054919511242655566,0.002584168670131914,0.002612349562457252,0.05103327027356912,0.05930734828669449,0.05034281817373896,0.05248177172698651,0.0575279740088924,0.06039479302561569,Limenitis camilla,female
Intercept,3.2971812966773104,3.297237056810556,0.00352111814311939,0.0034977987144478124,3.291358156483561,3.303053566310063,3.2902727736483666,3.293780984517966,3.3005837074896984,3.3040787962433864,Limenitis camilla,female
lprior,-3.141537592206263,-3.141535551311792,3.068879924836757e-5,3.0757391564508204e-5,-3.141589293622555,-3.141491313672523,-3.141603057137237,-3.1415670835517684,-3.141507667013293,-3.141484197857679,Limenitis camilla,female
lp__,361.8191155886493,362.1482768756463,1.6061995899383563,1.4183405281048578,358.757359992361,363.7675484630675,357.7599871949808,360.3670862525975,363.2901480330391,363.9334362573295,Limenitis camilla,female
b_Intercept,2.70258445248537,2.7033393771004826,0.11398184242730737,0.1109431329075704,2.5138731678675117,2.893037693919655,2.477772957010661,2.5942984754165854,2.8108741699053534,2.9292885785717333,Lycaena phlaeas,female
b_YearRescale,0.04040335948712191,0.040330703989310886,0.007287990170813386,0.007244498439490971,0.028429420033985717,0.05243508944727709,0.026384526153748967,0.03334863206350428,0.04741488976026948,0.05510013251051765,Lycaena phlaeas,female
b_Temp,-5.068546212041016e-4,-5.144485712617404e-4,0.0013459694769834252,0.0013576214328443283,-0.0027059350554425963,0.0016955453464689105,-0.003129219448653425,-0.001818836474619136,7.882307507062652e-4,0.002077336346961611,Lycaena phlaeas,female
b_Latitude,-0.0025562285353923726,-0.002553174826198031,0.0021056438652051423,0.002062426569505013,-0.006025334701107756,9.268778938842893e-4,-0.0067439221902013385,-0.0045823918297471355,-5.696728110584856e-4,0.0016468810093873743,Lycaena phlaeas,female
sigma,0.06347031551300751,0.06345313012460402,9.39763396981165e-4,9.718618648640431e-4,0.06195300629824058,0.06502896091951312,0.061711613043912115,0.06255216076609364,0.06441429357777681,0.06528368319962338,Lycaena phlaeas,female
Intercept,2.6182973036055,2.6182870176163773,0.0013074225490120961,0.0013137487034705125,2.6161342579665052,2.620437409702202,2.615818034940276,2.6170375871027938,2.6195656523732254,2.6208236951431174,Lycaena phlaeas,female
lprior,-3.190607554165486,-3.1906090239877987,1.86212250682067e-4,1.8608039852243893e-4,-3.19091139717177,-3.19030269315765,-3.1909601544203796,-3.190789094650844,-3.1904274206041654,-3.19024811226376,Lycaena phlaeas,female
lp__,3083.7190804195375,3084.021567354812,1.5739476024776085,1.3900155545855803,3080.715489499382,3085.648268181283,3079.7501055199923,3082.292434836223,3085.1558378231134,3085.8161808430664,Lycaena phlaeas,female
b_Intercept,3.1775910126471945,3.1774368001787114,0.10476053651382056,0.10654657407195676,3.005873569187118,3.35180066751816,2.973828385944109,3.0757675666782958,3.2793099665347976,3.384367613240399,Maniola jurtina,female
b_YearRescale,0.016109531196892027,0.016158418462182904,0.006528580605482121,0.006445312905379212,0.005478422645270485,0.026749694828009506,0.0031061640649150727,0.009913173203352015,0.02226578151840622,0.02899133122113639,Maniola jurtina,female
b_Temp,0.0010412530929563612,0.0010325463658283145,0.0011641901447591516,0.0011912325520344962,-8.532444599220484e-4,0.002927987616647476,-0.0011911976952567733,-8.650094124538995e-5,0.002194267811923619,0.0033015464984610813,Maniola jurtina,female
b_Latitude,-0.0012649380881003954,-0.001245172502325676,0.0020183160202872164,0.0020466696064084552,-0.004561269948786616,0.0020864312192998918,-0.005255302486703455,-0.0032176526755701845,6.91637131596459e-4,0.002676706746244561,Maniola jurtina,female
sigma,0.0553753714694248,0.05535390896621369,8.779017868212069e-4,8.626935964909409e-4,0.05396315937722019,0.05689267805665349,0.05371667058593732,0.05452849000877836,0.05621361414373145,0.057140379394650456,Maniola jurtina,female
Intercept,3.1433241608650717,3.143333423386771,0.0012553917191241947,0.0012382597552990113,3.141260690239734,3.1453792134020864,3.140865282560996,3.1421115506604766,3.144544455699782,3.1457880253969988,Maniola jurtina,female
lprior,-3.144155959464497,-3.144156134833369,4.3185962621667254e-5,4.289760598742749e-5,-3.1442270937653105,-3.144086131558352,-3.144241754100574,-3.1441972593752947,-3.144114436980862,-3.1440718901995655,Maniola jurtina,female
lp__,2822.4968502980214,2822.822054989141,1.566069944915466,1.39352321060712,2819.5050045514445,2824.410775646786,2818.460580458595,2821.153059353731,2823.911386941533,2824.581080564872,Maniola jurtina,female
b_Intercept,3.0008080042327308,2.9993385536920405,0.19130489542898377,0.19080653356916696,2.6820391638241152,3.3140410552332393,2.6286490988456506,2.815954695717731,3.1839983389460125,3.382076045309749,Melanargia galathea,female
b_YearRescale,0.023800967096717085,0.024005932111518594,0.008211776811400747,0.008322038348453376,0.01006533112148703,0.03690254911865925,0.007819689852791387,0.015662576585642463,0.03175767413569922,0.0395044699868093,Melanargia galathea,female
b_Temp,5.15631309363187e-4,5.39195268040652e-4,0.0020942817195405993,0.002114664140502781,-0.0029360347169231533,0.003959734490502665,-0.0035654293400255955,-0.0014586031132674325,0.002573846116861495,0.004645151850957564,Melanargia galathea,female
b_Latitude,0.002286685030565502,0.0022738302792394832,0.003679055209949915,0.0036267460160208766,-0.003740388824883872,0.008451231582841027,-0.0049809897010246835,-0.0013183067712558036,0.005843665886038768,0.009408401047862315,Melanargia galathea,female
sigma,0.07201189922181077,0.0719777735348125,0.0013302358236992732,0.0013048518468569664,0.06986577145643999,0.07430098851183847,0.06947129432285487,0.07073770460494258,0.07329004008650931,0.07467169630900017,Melanargia galathea,female
Intercept,3.1572269368710386,3.157215352604923,0.00190719062530916,0.0018901568395918048,3.1540851015842377,3.160382113714097,3.153452392178184,3.155364528789833,3.1590615566230307,3.16094673349079,Melanargia galathea,female
lprior,-3.1439387519412234,-3.143938609694981,6.129363987772521e-5,6.130429643808348e-5,-3.1440399907423986,-3.1438366771605972,-3.1440565759606836,-3.1439980316893377,-3.1438789694193847,-3.143820653354449,Melanargia galathea,female
lp__,1736.4884638660983,1736.794632346584,1.566676613995378,1.4272548309775326,1733.5507233449737,1738.4273448372796,1732.7518474355277,1735.047730296419,1737.9401914004225,1738.5699342120693,Melanargia galathea,female
b_Intercept,3.0854693949743877,3.090862205785089,0.6909295094324039,0.6778829251075044,1.956787552951962,4.249063412417762,1.7086714722427843,2.417134962432305,3.765215051186497,4.413668144183598,Melitaea athalia,female
b_YearRescale,0.08385805597548768,0.08421066802893376,0.02503671685995891,0.02556827980171781,0.04234707972479745,0.12400172835482459,0.03462902188163076,0.0591260566837636,0.10865554768439921,0.1308094109948737,Melitaea athalia,female
b_Temp,0.004949930704183655,0.0049627514181037075,0.002146768698792206,0.0021868853484703224,0.0014102353417430713,0.008506949125844635,8.089337820527928e-4,0.002813351244402948,0.007032674544267972,0.00909265139850315,Melitaea athalia,female
b_Latitude,-0.005353616892011452,-0.005503888978997932,0.013752374196787235,0.013464869308635415,-0.028451017180734225,0.01712530142369188,-0.03197628401299652,-0.018910419314870232,0.008029069286414028,0.022171157320664076,Melitaea athalia,female
sigma,0.070678594557764,0.07059882031217135,0.0021372659753504976,0.002117063460481538,0.06725864365343706,0.07430782452436316,0.06666538570862872,0.06867369889145006,0.0727231720196596,0.07506574817076199,Melitaea athalia,female
Intercept,2.9536459468747163,2.9537140504103117,0.003081600777072291,0.0031702096023351264,2.9486293936479795,2.9586073674395927,2.9476790027264266,2.950602622096983,2.9566515581337196,2.9597277876146126,Melitaea athalia,female
lprior,-3.154501335276539,-3.154495986257693,2.2926618837994405e-4,2.3495712584029957e-4,-3.1548819042126666,-3.1541377573053535,-3.1549499248988804,-3.1547262992975025,-3.1542799764190117,-3.15405552341071,Melitaea athalia,female
lp__,682.6643598092844,682.9692531280124,1.5808785460219057,1.4064000871947449,679.7025942948183,684.6498894372257,678.8805349820544,681.2614947011127,684.1189984018981,684.8248580856018,Melitaea athalia,female
b_Intercept,3.0634186314118024,3.042508818175187,6.930891937679176,6.905326273150016,-8.383656238638629,14.22566610915459,-10.803253726654821,-3.458529705349814,9.834700399365962,16.56836499795854,Melitaea cinxia,female
b_YearRescale,0.08596187097071635,0.08600601192345839,0.02118886984673811,0.02092208882622306,0.0505314557348155,0.12108637429205443,0.043996533498867924,0.06571535011009465,0.10606976263320089,0.127153026955543,Melitaea cinxia,female
b_Temp,0.002784578194889811,0.002756414022691553,0.004518156003776682,0.004554289491891499,-0.004736963780544884,0.010264415231841278,-0.006320327578807271,-0.0014979901495413973,0.007152488048938761,0.011579716021971885,Melitaea cinxia,female
b_Latitude,-0.004173392741170756,-0.003289184853816525,0.13679703880010452,0.13673807900336005,-0.22444614100578297,0.22190223508115445,-0.2705805801185543,-0.1380543401740843,0.1246282839957689,0.2693427658406922,Melitaea cinxia,female
sigma,0.07677886200627426,0.07668295632450155,0.003689289011865646,0.003761095905596131,0.07093757594149895,0.08291282474443103,0.07003891057101726,0.07317294899786608,0.08044793495685765,0.08419140016794123,Melitaea cinxia,female
Intercept,2.9879256281599647,2.987821231686471,0.004958333618555804,0.004919015185783383,2.9800477084598933,2.996318387908934,2.9784362871399557,2.9830989937309322,2.992781022979919,2.9978319137165466,Melitaea cinxia,female
lprior,-3.1522061388900204,-3.152207820970125,3.3394306076381456e-4,3.3303534501391785e-4,-3.1527548426722936,-3.1516528987188344,-3.1528672937466107,-3.1525285792245024,-3.1518820497424835,-3.151557469554035,Melitaea cinxia,female
lp__,257.6113386666181,257.9138540702234,1.554950281500273,1.4409324267979124,254.69123520194827,259.5674075982915,253.85358315592177,256.19231881792797,259.0653907643915,259.7171738525392,Melitaea cinxia,female
b_Intercept,3.3962173788337697,3.4136137889303897,0.7768243878480581,0.7656346752266227,2.0934930187170733,4.662409897745473,1.8554101026634726,2.657934434016877,4.141988533376954,4.911045977056153,Nymphalis polychloros,female
b_YearRescale,-0.012294083671791174,-0.012443635773532217,0.02937022556642351,0.028582606480814454,-0.0609762392200297,0.03694967468636421,-0.07008080093558845,-0.04072262147846227,0.01612015062728891,0.045799916299098936,Nymphalis polychloros,female
b_Temp,-0.004146772131019452,-0.0041308515575405585,0.006729701777322456,0.006716590913308882,-0.015434237066275357,0.00711177539281867,-0.017517648816512996,-0.010679346924897833,0.0023031707565744925,0.009111344365779747,Nymphalis polychloros,female
b_Latitude,4.36728669434555e-4,1.4616459119644624e-4,0.01487044334948856,0.014650507907792133,-0.023588914637885473,0.02498231862888804,-0.028469260251097764,-0.01398953039795885,0.014504419890148147,0.029632049697140526,Nymphalis polychloros,female
sigma,0.07237732433613434,0.07221645238964658,0.003934124645206243,0.003948533794859866,0.06622587832624517,0.07925202569338917,0.0653703578937532,0.06856448173287848,0.07618575095633388,0.08059687452165078,Nymphalis polychloros,female
Intercept,3.343601715847399,3.3436439002609495,0.00539698086262408,0.005467402800077852,3.3347746567510783,3.3523910704405133,3.332963718243141,3.338468321511838,3.348785195445499,3.354173787032673,Nymphalis polychloros,female
lprior,-3.141978204329735,-3.1419737157641068,7.954206343843165e-5,7.928350432445934e-5,-3.1421143570440915,-3.141855215028049,-3.1421460677642594,-3.142053619755286,-3.141900708245773,-3.141834822767929,Nymphalis polychloros,female
lp__,212.2199078017633,212.54033613137105,1.5964179291534588,1.4515215259248047,209.1520082104046,214.23752178702293,208.3815980422703,210.76629209493868,213.68204954865283,214.37130369800357,Nymphalis polychloros,female
b_Intercept,2.284769692713252,2.2792712448216257,0.26531835076196614,0.26124164566577635,1.8538601468909381,2.7292235865486227,1.7750545462815508,2.034190253516431,2.538575079346213,2.823868221997665,Ochlodes sylvanus,female
b_YearRescale,0.007004507086504219,0.007052577642314501,0.01272766923314904,0.012744506533648333,-0.014141426370947837,0.028162774293672133,-0.018506029993710767,-0.0047823867899857925,0.019521048166685557,0.03142482100093632,Ochlodes sylvanus,female
b_Temp,0.00261830614248031,0.002594461961288503,0.0025975383562643634,0.0025873958775699574,-0.001762334736045472,0.006802803720094582,-0.002616388185304522,1.3832635559971033e-4,0.005136291447809256,0.0076827669339935584,Ochlodes sylvanus,female
b_Latitude,0.006857098654083876,0.006964342405988036,0.004960904250872234,0.004833626761033523,-0.0015498639461346492,0.014920231316250436,-0.0033079692698611113,0.002192015097921166,0.011530079575440309,0.016310591308032328,Ochlodes sylvanus,female
sigma,0.0509347482604259,0.0508615952687308,0.001870845114233045,0.0018766964725371329,0.04795266960021082,0.05413603233561294,0.047489806509834566,0.04913684975469136,0.052730743488559155,0.05482457374825715,Ochlodes sylvanus,female
Intercept,2.67686833898733,2.676849984436898,0.002679512584759452,0.002734576069919121,2.6725195255935366,2.681275201532873,2.671659538920827,2.6742730290253016,2.679451313550345,2.6820457667272115,Ochlodes sylvanus,female
lprior,-3.182484682929909,-3.1824861433697706,3.4969209381171694e-4,3.55366645012569e-4,-3.1830589594334713,-3.181915319597626,-3.18316590114867,-3.1828248676693436,-3.1821462421509494,-3.1818119296525254,Ochlodes sylvanus,female
lp__,561.6819765601252,561.995980258226,1.5787452986679706,1.4275238807173365,558.661992739059,563.6146675966045,557.6985861731438,560.3174685248505,563.1277025011444,563.79616771593,Ochlodes sylvanus,female
b_Intercept,3.2489574442106273,3.2447012464413776,0.30482469106684035,0.29885670717055346,2.7443637073463236,3.739234760569424,2.638019368332021,2.9603875831609,3.542132105448585,3.832887418768453,Pararge aegeria,female
b_YearRescale,0.027092273742503524,0.026930818840688674,0.017972447132248923,0.018342644595936704,-0.002248981840598949,0.056324385202104074,-0.007535223655624324,0.009359910988894488,0.04498552043128245,0.06146442156641528,Pararge aegeria,female
b_Temp,-0.005610877140993585,-0.005662210423134986,0.0036603199687428177,0.0036786956936471966,-0.01151072610398473,5.55118402142507e-4,-0.012685509737491432,-0.00913936229041026,-0.0021339794115796716,0.0017923267677115598,Pararge aegeria,female
b_Latitude,-0.003036693019277631,-0.0030050295523106688,0.005841878379591977,0.005753067729786777,-0.012450434876873633,0.006592189334912714,-0.014345483569043726,-0.00872919221569063,0.0025102544916730685,0.008484266193497039,Pararge aegeria,female
sigma,0.0420137126833259,0.04187624868049224,0.0026171448651672764,0.002542369078894034,0.03787698564385522,0.04655375162368467,0.03719860977920865,0.03953831313523307,0.044509284204593394,0.04751141040421447,Pararge aegeria,female
Intercept,3.0482156959630586,3.0482191743194242,0.003597774997385058,0.003576139758311532,3.0423471064209613,3.0542629222561413,3.041103026089914,3.0447289706089737,3.051732511505284,3.055333352581653,Pararge aegeria,female
lprior,-3.1481531162109175,-3.1481506506145998,1.9424114244811485e-4,1.9056551773990264e-4,-3.148470091328568,-3.1478329451573246,-3.148540829170454,-3.148338598086116,-3.147961671898851,-3.147784883884097,Pararge aegeria,female
lp__,230.8821174700882,231.2038244763017,1.627952280984057,1.449690019949159,227.83856366011423,232.85025466320428,226.92376283433936,229.42599800037453,232.35865379445823,232.99671079925483,Pararge aegeria,female
b_Intercept,2.696923880590624,2.7018858888875377,0.38353691979292737,0.3812270001877326,2.0642160432367795,3.343427018016028,1.9479413762539317,2.3290264895339514,3.0661225931295055,3.4467846676796943,Pieris brassicae,female
b_YearRescale,0.016956159943300006,0.01668694982422881,0.01749921397109022,0.017459238994226783,-0.011503102320074954,0.04581274477294193,-0.01653113698123348,1.3264138527572898e-4,0.03392268594030265,0.051727429725859475,Pieris brassicae,female
b_Temp,0.008237065438750366,0.008211595058975117,0.004086353394866075,0.004080387009586788,0.0015901996967443107,0.014924737266100132,2.2479200068499304e-5,0.004413034152205867,0.01219926930642323,0.01631200877763538,Pieris brassicae,female
b_Latitude,0.011443620842983948,0.011279152212148157,0.007132979737865098,0.0071611896388433455,-4.4306820323410887e-4,0.02329630954429197,-0.0025483751927462823,0.004449096755073961,0.018254190358885626,0.025417549014456014,Pieris brassicae,female
sigma,0.04298817181100792,0.042781462110130834,0.0027311571490456045,0.0027203422377605323,0.03871765670720796,0.047737299274361905,0.03795085861295082,0.04033600286870305,0.04560057632846125,0.04877348205848843,Pieris brassicae,female
Intercept,3.4248784680053634,3.4249602421164,0.003770610338739496,0.003712175786784682,3.418541022157931,3.4311146102633017,3.417353192732638,3.4212253582408603,3.4284469570468765,3.4322899486243807,Pieris brassicae,female
lprior,-3.1430741345166915,-3.14307214804531,1.0306417610160025e-4,1.0470781700530538e-4,-3.1432476029507903,-3.142904639801665,-3.143277211622367,-3.143172695904501,-3.142974501009547,-3.1428778217340714,Pieris brassicae,female
lp__,219.23399427674542,219.5194119037427,1.5535988002637842,1.4319901840135727,216.31576208706943,221.17766874188828,215.44916359461706,217.842628527105,220.66524513833315,221.34091177615318,Pieris brassicae,female
b_Intercept,3.3211040516253445,3.3200429123288124,0.23068003480159852,0.23165240085619043,2.939284419548645,3.693112754637398,2.8555986514305607,3.1018529195747835,3.5438865688540555,3.7679692383223107,Pieris napi,female
b_YearRescale,0.05819844538860486,0.0586047767806135,0.01452038525503923,0.014158891145668803,0.03456139755108265,0.08173222955189569,0.02768444110388412,0.04464245171221417,0.07196016797379536,0.08615627339022067,Pieris napi,female
b_Temp,-0.0035816200700340348,-0.0035457961480000882,0.002588803865651454,0.002594530891288519,-0.007837129412615924,6.561308120407078e-4,-0.008647650762959085,-0.006127177789399169,-0.001101123580841429,0.001541445270906322,Pieris napi,female
b_Latitude,-0.005232368743362189,-0.005253099178944226,0.0041590753043476815,0.004229636504201777,-0.011999445420111459,0.0016829556354692014,-0.0131121869548237,-0.009304743564131085,-0.0012738997758028258,0.0031113262630802162,Pieris napi,female
sigma,0.05340930004092367,0.053339402336170724,0.002045829493528005,0.002030111513847409,0.050152694517078746,0.0569261941969361,0.04961824334192647,0.051461275095417564,0.05541053620603738,0.05756771154861984,Pieris napi,female
Intercept,3.075157092408917,3.075127391886974,0.0029084435286792602,0.0029459702130190603,3.070526005398735,3.079892074926767,3.0695259728692967,3.0723311266809077,3.07792469800596,3.0809399413057776,Pieris napi,female
lprior,-3.146902778159703,-3.146900536148323,1.4062614642171138e-4,1.417918453521515e-4,-3.1471347094068145,-3.1466760754310887,-3.147180993591377,-3.1470376228638495,-3.146765424994432,-3.1466293206783256,Pieris napi,female
lp__,511.7387190289167,512.0948865224591,1.6004355053375996,1.427751312292079,508.72924763272306,513.6627163299787,507.8751234664151,510.31640982327156,513.2148494170215,513.8316604657742,Pieris napi,female
b_Intercept,3.071847993522581,3.0726071930497754,0.3538771430155635,0.35067802106057355,2.484336280907716,3.6524784984616274,2.3716536929580734,2.733332840357842,3.4116885487613238,3.7648610268681546,Pieris rapae,female
b_YearRescale,0.03307903847973086,0.033045303555138274,0.01956463540956525,0.018733463512073195,2.595293845120111e-4,0.06559025618884418,-0.006915916501101471,0.014187926663069672,0.05170614931958262,0.072291468267096,Pieris rapae,female
b_Temp,-0.007249532612595025,-0.007204723542997398,0.0033714488666390504,0.0033470960742200103,-0.012856800318337837,-0.0017972475132246532,-0.014001484460502306,-0.010522352807098938,-0.0039948532892695055,-7.482829147865883e-4,Pieris rapae,female
b_Latitude,0.0023684251762439885,0.0023951425865374235,0.00675298690738889,0.0066863530949799075,-0.008699766141415701,0.013388035409659119,-0.010902930984545268,-0.003983528262430399,0.008745439757732313,0.015740735574780392,Pieris rapae,female
sigma,0.05832241910725785,0.05826137951393226,0.002651695530651308,0.0026401772803852155,0.05410925693794856,0.06283300525848139,0.053411598139199,0.05577655994921547,0.06085812587689562,0.06369131893894187,Pieris rapae,female
Intercept,3.130999960249123,3.131019355978438,0.003672908415629834,0.0036622090967787326,3.1248655286625437,3.137073044888882,3.1238546866877615,3.127463013285799,3.134487380133887,3.1381250612837266,Pieris rapae,female
lprior,-3.1446211483024222,-3.144620518212858,1.358188845539745e-4,1.3558078633209568e-4,-3.144849927399139,-3.144404331055117,-3.1448955335387403,-3.1447510164018877,-3.1444883262200247,-3.1443625699796067,Pieris rapae,female
lp__,346.0882482340141,346.41757549007343,1.582627873918168,1.4342966130019421,343.0374752732822,347.9784572504838,342.1525531720295,344.67435168128605,347.5433403524871,348.1453625601007,Pieris rapae,female
b_Intercept,4.8034007491811,4.8036563383002715,0.11597174797312108,0.11654603961572192,4.617478979174763,4.99506842613623,4.580629298992783,4.690271906376375,4.914691195316997,5.029823673794375,Plebejus argus,female
b_YearRescale,-0.00687035858574713,-0.006893015558618493,0.010368758552685176,0.010717839039878666,-0.023683278414217045,0.010234501664893942,-0.026217108819646385,-0.01709672903351201,0.003223717617134176,0.013257003512025254,Plebejus argus,female
b_Temp,0.004404253458100653,0.004402766883324611,0.0012866572976053228,0.001274610452966599,0.0022970783012563455,0.006511383500015085,0.001828717484074213,0.003153595102360714,0.005642936465526906,0.00697280086177331,Plebejus argus,female
b_Latitude,-0.04602815087980732,-0.04605058439857263,0.002164834100948121,0.0021835022328452404,-0.04956875645926515,-0.042549789703932875,-0.05021415548098135,-0.048115404555501166,-0.043955317178151786,-0.04176854711437282,Plebejus argus,female
sigma,0.07941340265106545,0.0794009332780308,0.0011528630490849016,0.0011828738300310125,0.07749318745524941,0.08129152772056654,0.0772023094651071,0.07828943405128919,0.08052857817859883,0.08161752005724368,Plebejus argus,female
Intercept,2.476698904852291,2.476724019071439,0.0015893494429536884,0.001597738386321599,2.474059300397827,2.479332508334428,2.473525400796205,2.475191928850583,2.4782251319430273,2.479772996728898,Plebejus argus,female
lprior,-3.2129100421090744,-3.212907114177032,2.7026064325915854e-4,2.7248627855976776e-4,-3.213360837861435,-3.212468383324913,-3.213453471687403,-3.213165193610794,-3.212648882180692,-3.212388311884349,Plebejus argus,female
lp__,2715.2290815447705,2715.5869423522063,1.6309947210043065,1.4133190166944842,2712.1741381622933,2717.158080830874,2711.0902546401385,2713.837690799927,2716.6851742579947,2717.3240951830667,Plebejus argus,female
b_Intercept,3.732130453612136,3.736252262486402,0.39883729412978486,0.38891906657809777,3.0744662918800016,4.383924754805262,2.95981511768894,3.350011572809308,4.112448540463022,4.518022091470957,Polygonia c-album,female
b_YearRescale,0.03463588513073073,0.03505527969237343,0.02184672456383014,0.02216359346735454,-0.0018650899599390548,0.07007284870208333,-0.008785652142059664,0.01318852062094685,0.05583981639287072,0.07712078978576932,Polygonia c-album,female
b_Temp,-0.006169458670170342,-0.00615884849961252,0.003690435751461846,0.00366999757919785,-0.012307528258812917,-1.855403862731943e-4,-0.01341482876079642,-0.009735608616831608,-0.002569987890604815,9.911629187418986e-4,Polygonia c-album,female
b_Latitude,-0.010618682905722097,-0.010600458309388314,0.007331206606243056,0.007262215070254657,-0.022824425460036466,0.0015921305038773806,-0.024720381322064867,-0.017687791746891494,-0.003570515693925992,0.003697624150244508,Polygonia c-album,female
sigma,0.047084886049254634,0.0469556585607004,0.002698946870902126,0.0026576012566259222,0.0428288901344843,0.05168320861553841,0.042207477721697466,0.044541684304576716,0.04965920636874922,0.052631396801582964,Polygonia c-album,female
Intercept,3.1436363358509856,3.1436631541834927,0.0037942959228716242,0.003864292976239685,3.137221143973014,3.149904737534031,3.1362297884517285,3.1400095187595554,3.1473144459458755,3.1511103248960817,Polygonia c-album,female
lprior,-3.1440570107701307,-3.1440532717259257,1.2940259800105252e-4,1.330885962099112e-4,-3.1442807807423585,-3.143850700362123,-3.1443193750904928,-3.144182878233039,-3.143933333609148,-3.143817695545042,Polygonia c-album,female
lp__,256.4425156558838,256.7846305263869,1.6361390963656692,1.404870485047491,253.3499518860235,258.4529962153171,252.4228839050815,254.99767349926148,257.9072571973238,258.6131669997364,Polygonia c-album,female
b_Intercept,1.8079863278359654,1.8089517875374657,0.19043826370482886,0.1874412004057362,1.4934746922841815,2.12056017674233,1.427576857981313,1.6258179093546117,1.9950830484493824,2.1821803699877216,Polyommatus bellargus,female
b_YearRescale,0.041542648073964,0.041527699990911715,0.006940294590983412,0.006983611241827041,0.030156288957661884,0.05308186490114692,0.0283079663127361,0.034709288306012935,0.04833830236416626,0.05501494096778467,Polyommatus bellargus,female
b_Temp,-0.0015881622643798352,-0.001587318313744811,8.929635683756892e-4,8.787185172389621e-4,-0.003061078547770015,-1.2132336997179066e-4,-0.0033516975065285277,-0.002448387318301536,-7.349452607871303e-4,1.4092355891472542e-4,Polyommatus bellargus,female
b_Latitude,0.016328845926953345,0.01632258894811036,0.003744537976695784,0.003663793130953137,0.010205878221798642,0.022472601910462707,0.008961345821256303,0.012672063624904403,0.019915832828746555,0.023684723336703708,Polyommatus bellargus,female
sigma,0.0430176474817667,0.04299641629639278,7.309508123527559e-4,7.302527494526787e-4,0.041842429749123534,0.04423180701960948,0.04162713093067054,0.04231413336210626,0.043736967395320764,0.04446580230681575,Polyommatus bellargus,female
Intercept,2.670988763403886,2.6709883779550094,0.0010380913510583264,0.0010638052690817544,2.6692880005759383,2.6727140828380516,2.668985793286482,2.6699658702176308,2.671990068531658,2.673024984633108,Polyommatus bellargus,female
lprior,-3.183173629347721,-3.183173237650597,1.3645822785668586e-4,1.3903990680570145e-4,-3.1833984519408682,-3.1829462004236992,-3.1834359640386114,-3.18330795579465,-3.1830419051318675,-3.1829075243971654,Polyommatus bellargus,female
lp__,2987.676637859169,2987.980151866324,1.553483451459588,1.3872974603717576,2984.672110613977,2989.601595152036,2983.834413319313,2986.3163451834857,2989.0937468257307,2989.74285727607,Polyommatus bellargus,female
b_Intercept,3.4237774823889677,3.4226896822587483,0.10179594287696504,0.10389210524383745,3.2538716075330476,3.5929946349011197,3.2243832445042715,3.3251095996860585,3.5215783277856754,3.6255776457089217,Polyommatus coridon,female
b_YearRescale,0.056375054055787036,0.05636670799688859,0.005525049591137511,0.005449096058093339,0.04722347813050095,0.06528811936119891,0.045198193085859525,0.05112049051283314,0.06174565482758805,0.06683541901365837,Polyommatus coridon,female
b_Temp,0.0019298630343924333,0.0019109822438563278,8.204960581697866e-4,8.377326839794237e-4,6.074042444705421e-4,0.003277605362599631,3.464608207073815e-4,0.001130312364696689,0.00273019823210283,0.003546834360834849,Polyommatus coridon,female
b_Latitude,-0.015107456629889365,-0.015107361627368502,0.0018793482509096996,0.0019214239775478988,-0.018235714390832925,-0.01193282981921761,-0.018766908463966652,-0.016930024813088747,-0.01326924260439857,-0.01141398938964961,Polyommatus coridon,female
sigma,0.06224643439945299,0.06224127088410074,6.01306402537859e-4,6.002677497905665e-4,0.06127003396028723,0.06321629145722667,0.06106416277987034,0.06167443633690608,0.06283113199590967,0.06345182050824044,Polyommatus coridon,female
Intercept,2.7453179161722523,2.74532422677358,8.22445873832536e-4,8.328967519479083e-4,2.743967628535319,2.746679626030792,2.7437417219793128,2.7445213537348763,2.746101220045718,2.7468951669190007,Polyommatus coridon,female
lprior,-3.174177357552807,-3.174175612916498,9.612465476865142e-5,9.737349020105723e-5,-3.1743359226837997,-3.174018727262684,-3.174364658783187,-3.174270918724465,-3.174085943280227,-3.173992315598718,Polyommatus coridon,female
lp__,7658.560538589133,7658.85726574529,1.6112656075632277,1.427710243425436,7655.441313207963,7660.491377842709,7654.539817816436,7657.183988807403,7660.033937925091,7660.697265967621,Polyommatus coridon,female
b_Intercept,2.9172451947544498,2.9171966650833143,0.15536619648382582,0.15263095999834936,2.6588292855319633,3.177824905690102,2.6114294675984957,2.77161055207308,3.0664410428077793,3.2244825084885766,Polyommatus icarus,female
b_YearRescale,0.03915455725508532,0.039255400757629,0.008022759401237221,0.007784427259972764,0.025948260405559906,0.052448856245024086,0.023347594572884885,0.03143811578077227,0.04679158047139512,0.05559172400600389,Polyommatus icarus,female
b_Temp,0.0015905805437337623,0.0015841185429812234,0.0011488430936110348,0.0011738262454456447,-3.1047745010983393e-4,0.0034719800756254243,-6.598304971651128e-4,4.6037447339449244e-4,0.002720212993614339,0.0037926962471361626,Polyommatus icarus,female
b_Latitude,-0.007451496284207936,-0.007425136524345596,0.0029470053094576704,0.002866536602429474,-0.01237401756156548,-0.0025449086401460345,-0.01338131437626567,-0.010261995135934931,-0.004639561382330309,-0.001637165579552539,Polyommatus icarus,female
sigma,0.056420766234157864,0.0564042795175199,9.83155459974167e-4,9.764527649175969e-4,0.05479446070303343,0.05806039507776455,0.05451030793907408,0.055478413277148954,0.05735876860507542,0.05838879853812873,Polyommatus icarus,female
Intercept,2.6116200344449307,2.611611638192601,0.0014054635230174525,0.0014042203951580546,2.60935557208057,2.6138962282377767,2.608861315131014,2.6102771946391146,2.612983507578729,2.6144307150043846,Polyommatus icarus,female
lprior,-3.1914694569951902,-3.1914692019983235,2.0159291200540737e-4,1.9888594789346076e-4,-3.1917933944478944,-3.1911394678254315,-3.1918634710814464,-3.1916619664703405,-3.191274691656987,-3.1910686468172145,Polyommatus icarus,female
lp__,2358.7217674584463,2359.0483584512926,1.558793665790214,1.3931081066592053,2355.7664218805558,2360.636490227744,2354.8778711276077,2357.3104168070417,2360.137886642172,2360.7924342776378,Polyommatus icarus,female
b_Intercept,2.1877740941113877,2.1899378470616853,0.1775169858582502,0.17380782262600278,1.887594416185649,2.479711683011205,1.821464745497264,2.0199810826542333,2.354773528793407,2.5317918738879484,Pyrgus malvae,female
b_YearRescale,0.038867975707701265,0.038792402614670395,0.008275073821472842,0.008344377482859369,0.025336695802899992,0.05243432175288083,0.022200900748759606,0.03090851716174258,0.04704077031742583,0.05490749058923751,Pyrgus malvae,female
b_Temp,-0.0034265005847312394,-0.0034341160224832528,0.0013140673769247964,0.0013214602395096363,-0.0055833714264779755,-0.001238099569866362,-0.005954778726505663,-0.004696535378806225,-0.002149678494615104,-8.215848510332724e-4,Pyrgus malvae,female
b_Latitude,0.0036500911686250656,0.0035982958048993924,0.0034572594661072664,0.003388653950256381,-0.0019576046344089632,0.009378719143596965,-0.0030522398130444685,3.641533899696458e-4,0.006898822129049726,0.010754159152155756,Pyrgus malvae,female
sigma,0.053142548510116426,0.05312223463616088,0.0012444041898877587,0.0012603847443278535,0.05117150095166053,0.05523945525276698,0.05078972304216569,0.051937606513153066,0.05433497841961503,0.055685026771131116,Pyrgus malvae,female
Intercept,2.370469934305463,2.3704995368543678,0.0017010307228784113,0.001736992868051201,2.367634667143685,2.373272818458769,2.3671169393935143,2.36884262812915,2.3720650980471674,2.3738179154270207,Pyrgus malvae,female
lprior,-3.2316159892351446,-3.2316082004603492,3.227591287365812e-4,3.2626987711032314e-4,-3.232153077023469,-3.2310842224605323,-3.2322549878420865,-3.2319277653988756,-3.231312918253421,-3.230982047609971,Pyrgus malvae,female
lp__,1453.457959676787,1453.7922123637595,1.6086188211109222,1.436009958499108,1450.3400419035029,1455.3975966635414,1449.437582255845,1452.0628709183832,1454.9353130903241,1455.5790503596104,Pyrgus malvae,female
b_Intercept,3.0095699427538363,3.0064142015763196,0.1442996951270853,0.14109912505101968,2.772330166615063,3.2555887579368448,2.728801196062966,2.8734254824268257,3.151062831272336,3.299744147414212,Pyronia tithonus,female
b_YearRescale,0.0027588274621085603,0.0027715457126530592,0.007415714742829306,0.007296941220430089,-0.009389171751258505,0.014920449909098056,-0.01208160022083521,-0.0042000577031334795,0.009845825813591148,0.01723875808947516,Pyronia tithonus,female
b_Temp,9.1215827598494e-4,9.16531079844094e-4,0.001447443677351777,0.0014053329549484545,-0.0014393349796791638,0.0032797179130247484,-0.0019036545825036606,-4.8539041805627757e-4,0.00230055027999639,0.003780181717149196,Pyronia tithonus,female
b_Latitude,-8.190449054925424e-4,-7.94297540935613e-4,0.0028646481645244358,0.002824630400220979,-0.005637111994276632,0.0038615166397131273,-0.006426755239628413,-0.003648428521050864,0.0019060352234759128,0.0047654804210759665,Pyronia tithonus,female
sigma,0.047932509558387945,0.04792004338979669,0.00115877005922648,0.0011340845091433133,0.04606769328400918,0.04987702602894335,0.04572017759095222,0.04680362149735761,0.04901527579067574,0.050291888009474164,Pyronia tithonus,female
Intercept,2.984432040568101,2.9844416683928543,0.001687743272399321,0.0016899646283468571,2.981665392117473,2.9872039419371372,2.9810888836706746,2.9827995286501894,2.986054747476867,2.987740181353574,Pyronia tithonus,female
lprior,-3.152051571879944,-3.152049144692061,1.1349687096797705e-4,1.1259334581776835e-4,-3.1522394109275416,-3.1518698453204688,-3.152282000039201,-3.1521624482106563,-3.151941496234368,-3.1518296480090116,Pyronia tithonus,female
lp__,1311.810768055652,1312.108786572255,1.5455354728660198,1.4635852099831377,1308.9276622023392,1313.7259392821393,1308.1537516259966,1310.37127430241,1313.2556585235143,1313.862914175054,Pyronia tithonus,female
b_Intercept,4.615929990497422,4.619560947035388,0.9451027659391154,0.9590163623326411,3.0942540783433765,6.145991001528367,2.775160096712948,3.710648370408805,5.543738818026026,6.463266705663974,Satyrium pruni,female
b_YearRescale,-0.04675560227420738,-0.04742055642047389,0.028012518694563476,0.027893218436708576,-0.09210719013735513,-3.954571319814614e-5,-0.10021889975094743,-0.07378751658357391,-0.019627509491104003,0.008845724108284868,Satyrium pruni,female
b_Temp,0.0013838574545776438,0.0013680265521686902,0.002967926292248315,0.0029628588875130267,-0.003442925918172121,0.006318414158652885,-0.0042505791686934784,-0.0014326913534577353,0.00417063336727816,0.007409016857983857,Satyrium pruni,female
b_Latitude,-0.03468723945469095,-0.03475703096601486,0.017682291645187767,0.017968422307517173,-0.06339443900064297,-0.006175352869487624,-0.0690262509004477,-0.05198725110456489,-0.017716550593008876,-6.12878917388778e-4,Satyrium pruni,female
sigma,0.04188746935282562,0.0417699829839943,0.0026376420581114665,0.0026100088231453557,0.03773800544955287,0.046416104533538796,0.037197044438878196,0.03928241166028482,0.04437660690728178,0.04751198720453051,Satyrium pruni,female
Intercept,2.759270967276733,2.759245330541453,0.003619948818969855,0.0035545296023978953,2.7533498758273964,2.765418372154885,2.7520612020698465,2.7557356799536206,2.7627314861833896,2.766468006105218,Satyrium pruni,female
lprior,-3.1723485687698316,-3.1723518856792037,4.1162359664779157e-4,4.040791251693812e-4,-3.1730266271256626,-3.171654017267702,-3.1731601768987074,-3.1727487657664346,-3.171955680109117,-3.1715333059203576,Satyrium pruni,female
lp__,227.58128795944612,227.9060590594063,1.6012206865327787,1.4105624147841214,224.51501163295055,229.52967978851012,223.69096229538286,226.154298467992,229.02697620832595,229.67627615205694,Satyrium pruni,female
b_Intercept,2.495082500081656,2.5000571533573384,0.5035250558284581,0.49613912706675245,1.6578399895946017,3.3123008645910157,1.5130104283924386,2.002242903993835,2.9850712387505682,3.4631023460614756,Satyrium w-album,female
b_YearRescale,0.0050078257073339185,0.00525191196751793,0.0288426328978228,0.02933248606313398,-0.04200745304363298,0.05150002147902253,-0.051964770804040196,-0.023299271576743715,0.03268123125276094,0.062096114342915405,Satyrium w-album,female
b_Temp,0.006026397728337915,0.006139004551609433,0.005121005476589442,0.005044769260208151,-0.0025311980798981286,0.014334195944987627,-0.003920029116705301,0.001058020790295161,0.010998661507353133,0.015881582605694528,Satyrium w-album,female
b_Latitude,0.0029230219276691295,0.002714510019715173,0.009425940235621539,0.00931544717841722,-0.01221751480031138,0.018639912585258343,-0.015399306625552164,-0.006267033650856953,0.012136392956790712,0.02119992451952942,Satyrium w-album,female
sigma,0.054564024849578265,0.05425205364937835,0.0040530835004482626,0.0039706433127579596,0.04839257721404364,0.061524870680376084,0.0475293726013812,0.05071636136874736,0.05843079319647849,0.06317757180898848,Satyrium w-album,female
Intercept,2.7223754041093455,2.7224683093540776,0.005692702453167555,0.005627489746220531,2.7129341917959247,2.7318361705642538,2.711207186460049,2.71697866931655,2.7278410636435537,2.7336829292600773,Satyrium w-album,female
lprior,-3.176810964789286,-3.176786470047128,6.929968709017217e-4,6.875587458796691e-4,-3.1779770817060005,-3.1756699157688195,-3.1781869582461573,-3.177469941246355,-3.176153771895361,-3.1754510327226106,Satyrium w-album,female
lp__,134.57251316502598,134.89307157972306,1.5672032085750407,1.4043396373409491,131.48953123792356,136.5252947313061,130.76871717633094,133.14354976011904,136.02428659204992,136.67741426224063,Satyrium w-album,female
b_Intercept,3.0561901150077246,3.0490622748513565,0.31896525628772354,0.31963050353077543,2.5378437135333587,3.577604397605299,2.433157018703149,2.746348199132888,3.3752058924471573,3.6813075149807943,Speyeria aglaja,female
b_YearRescale,-0.030769588769577045,-0.030831070172723546,0.01307165197571388,0.01353016121095836,-0.05219147617901579,-0.009713951750258933,-0.055987204983332144,-0.04361801551203013,-0.018192350521680504,-0.005426865625145475,Speyeria aglaja,female
b_Temp,0.006181617333937898,0.006161873914312436,0.002763212830850038,0.0027229043445596585,0.0017190490049951114,0.010741742985086117,6.153544233471195e-4,0.003527451322591954,0.008859116928051993,0.01155825145385365,Speyeria aglaja,female
b_Latitude,0.005340820146110242,0.005455239343207818,0.0061337107354514754,0.006234520866965258,-0.004671861905024408,0.015490557113308406,-0.006600582681924193,-8.927824146813198e-4,0.011332597832576138,0.017214458700435073,Speyeria aglaja,female
sigma,0.05318511936838456,0.0530992441380971,0.002113191084802553,0.0020481188965820333,0.049805398475326654,0.05678312202568628,0.04926740256974382,0.05113167381019701,0.05517885717016594,0.05752184328417373,Speyeria aglaja,female
Intercept,3.3597385247357714,3.3597291398816087,0.0029131927709852993,0.0029012974751887115,3.354886514395489,3.3645730158455964,3.3539556350285,3.356938988362565,3.362561715141415,3.3653695878303322,Speyeria aglaja,female
lprior,-3.141895687768617,-3.141894650334774,4.4559060189941035e-5,4.529459476840656e-5,-3.1419713675986336,-3.1418247543345785,-3.141986055523426,-3.141939054109111,-3.1418516325303756,-3.1418123816937498,Speyeria aglaja,female
lp__,473.4118691769536,473.67118468870234,1.501960136093426,1.4076664613327818,470.6055884642197,475.3167208367052,469.7842342563057,472.07623124278336,474.81363516373347,475.4727647862616,Speyeria aglaja,female
b_Intercept,2.9740127700025893,2.96279925208061,0.6403943637363742,0.6465813680707045,1.9326802541677943,4.0458282559273,1.7395795258136912,2.348789151501089,3.603682038977142,4.213949387670687,Thecla betulae,female
b_YearRescale,0.10321273455785288,0.10363668757481018,0.04683991227213313,0.046405328725878686,0.02527764072929724,0.17968939377744347,0.011761471935807885,0.057266222287882,0.14795691740026845,0.19576224583057147,Thecla betulae,female
b_Temp,0.01940172102833601,0.019461485556655753,0.009890527504329708,0.009835867286005969,0.0030033475682033476,0.03539562155762972,-6.730879337999367e-5,0.010017839561411156,0.02876831171963919,0.0387367992321661,Thecla betulae,female
b_Latitude,-0.010400994578587598,-0.010363276731060845,0.01171499339712654,0.01169588020106261,-0.029885087753879838,0.008523980086740476,-0.033870883468076644,-0.021691133630758176,0.001096345211582472,0.012273386530685222,Thecla betulae,female
sigma,0.05548349313844505,0.055074785643622864,0.005632310920425763,0.00539478739097113,0.04720985400987,0.06520366086847927,0.045566432546229635,0.050183310079184064,0.06070281738017682,0.06785669257540053,Thecla betulae,female
Intercept,2.8467928378003413,2.8467965579264503,0.007432016813248381,0.007240783115928721,2.8344910674763395,2.859018728536512,2.8322955810104498,2.8398222840927754,2.8536832360404984,2.861593958398046,Thecla betulae,female
lprior,-3.1633392546304115,-3.163325207805193,7.127130034100068e-4,6.921143711335764e-4,-3.1645354320780124,-3.1621809869355206,-3.1647721247183687,-3.1640107101837667,-3.1626765648549235,-3.1619332227695187,Thecla betulae,female
lp__,78.71124157801057,79.05265231720158,1.6443573437478074,1.4500563376691387,75.52253562866676,80.7222738484208,74.62864031531545,77.3390588903957,80.20739855179316,80.86624496522887,Thecla betulae,female
b_Intercept,5.573117683535182,5.625492759192063,3.6871602701617197,3.5630318436700645,-0.6439582205367252,11.568392696982682,-2.0129802839814395,2.093481762416869,9.074563944672152,12.79149735910456,Thymelicus acteon,female
b_YearRescale,0.04203764770383166,0.04199753571697723,0.01455502757948821,0.014568517587045865,0.01764886905272705,0.06583887135294765,0.013018650715420684,0.028068029681073997,0.05592287683537968,0.07046255490703385,Thymelicus acteon,female
b_Temp,-0.0028758361799432904,-0.00279983742667266,0.004242186654065882,0.004158904343130994,-0.009889954859409248,0.004165535389970459,-0.011350939569367642,-0.007021601641380213,0.0011774378914239491,0.005406799287176404,Thymelicus acteon,female
b_Latitude,-0.06287292256347149,-0.06375933712817045,0.07258178041804253,0.07015047956530755,-0.18173736660650927,0.05926548724299357,-0.20462151100227027,-0.13134399612676706,0.00535459196039908,0.08762385599592751,Thymelicus acteon,female
sigma,0.05021635038630582,0.05006931991081419,0.002499903089933177,0.0024761406181992543,0.046253016368073226,0.054543314240452966,0.045693343730885225,0.047862401158136614,0.05260239223507077,0.05542484330580853,Thymelicus acteon,female
Intercept,2.410493160618538,2.410506005174309,0.003501098215575346,0.0035667354675015203,2.4046825933514273,2.416119122067643,2.403705213401303,2.4070819298233603,2.413908618571162,2.4171054719165013,Thymelicus acteon,female
lprior,-3.2241476665467266,-3.224144328297788,6.376009220613549e-4,6.515849462258742e-4,-3.2252140433436627,-3.223127957583417,-3.225387347167545,-3.2247702386242585,-3.2235195612950402,-3.2229359836676963,Thymelicus acteon,female
lp__,324.5895496762674,324.9103353487743,1.5946874504367285,1.4350631467267119,321.5081460309303,326.5492550418434,320.71095946810084,323.19454789043584,326.05240488613407,326.7035384376067,Thymelicus acteon,female
b_Intercept,-0.6345903234342287,-0.6400919200700033,0.5335550964752247,0.5436890398595075,-1.502306126845973,0.2579326566235301,-1.6518863623564202,-1.1562969923778705,-0.11924959584121522,0.4210836335264763,Thymelicus lineola,female
b_YearRescale,0.06955232883447154,0.06935184822886445,0.018098832782878504,0.01797421310164719,0.03948799627492766,0.09857468601938098,0.03358833928995761,0.0523046216255551,0.08741731904936428,0.10504302872090383,Thymelicus lineola,female
b_Temp,0.0010337199330670128,0.00101228843793398,0.004013145179320771,0.004073286598334934,-0.005663615959178434,0.007587291125996987,-0.006920237160775589,-0.002872331124604128,0.0049497194675139685,0.008805229951301516,Thymelicus lineola,female
b_Latitude,0.059094941279931854,0.05915611885496024,0.010305239664061204,0.010370269383307828,0.04209502198543453,0.07570113519354943,0.038501694061154765,0.049106940048508387,0.06899805424140602,0.07899136596664688,Thymelicus lineola,female
sigma,0.06258808625593923,0.06253439192168929,0.0029082781508858167,0.002916726032662144,0.05803727007134086,0.06746762753912228,0.05716583974887531,0.0597729747441935,0.06541605668271967,0.06856261239174245,Thymelicus lineola,female
Intercept,2.5222948014056916,2.522307397747653,0.004128203877685563,0.004190184995040073,2.5155181459693474,2.528879076384701,2.5144329022719583,2.5183598796277336,2.5263376526218004,2.5300294411260444,Thymelicus lineola,female
lprior,-3.2051283515215707,-3.2051214712287273,6.646116297345943e-4,6.772601184871482e-4,-3.2062266235019252,-3.204080606101729,-3.20641212126376,-3.2057587447399385,-3.204475915388795,-3.203890879021887,Thymelicus lineola,female
lp__,313.8772294381614,314.19955832101414,1.609376104990677,1.4040666298938567,310.7734008632675,315.8389048772648,309.8476863850611,312.4296079269586,315.35212604560405,316.0024143016584,Thymelicus lineola,female
b_Intercept,2.381276547456272,2.3799160559983363,0.2296526828754507,0.22967491144381064,2.0015576434351283,2.7551160622606155,1.9414159124613917,2.156153705958262,2.6060971867592326,2.820499753632376,Thymelicus sylvestris,female
b_YearRescale,0.054942585225449016,0.05472726066303365,0.011193719654590014,0.010907939339637655,0.03617845765818175,0.07344447416858026,0.0323167308224367,0.044374189368124005,0.06589813980153067,0.07650214635710295,Thymelicus sylvestris,female
b_Temp,0.0014507537190560113,0.0015225351285920292,0.0023226734529825897,0.0022441008525752046,-0.0024428097917597105,0.005204129637820875,-0.0034066559440602377,-7.429335154647061e-4,0.003638368945531899,0.0059158380778163815,Thymelicus sylvestris,female
b_Latitude,0.0015580040662866608,0.0015336132955357895,0.0043518691535711215,0.00437484377146529,-0.005576464639760468,0.00879779306965665,-0.006718567306981018,-0.0027199571931907185,0.005815906732484506,0.01002287770591158,Thymelicus sylvestris,female
sigma,0.04741341395361933,0.04736048131686554,0.0018510159707950133,0.0017800384035933149,0.044412010085932305,0.050557902967643925,0.043883774402246896,0.045660459465122774,0.049179763395367976,0.05120056841873532,Thymelicus sylvestris,female
Intercept,2.5518962275841552,2.551869576611523,0.0024945571240900933,0.0024201617767153536,2.5477412291185466,2.5561554505016453,2.547011170840891,2.549512012982687,2.554245774197282,2.5568863846443595,Thymelicus sylvestris,female
lprior,-3.200276125973821,-3.2002792970309875,3.872143908178343e-4,3.7398705649195315e-4,-3.2009269228974815,-3.199619669824855,-3.201037197362055,-3.200649102000786,-3.1999114041018086,-3.1995101012016427,Thymelicus sylvestris,female
lp__,558.484247722265,558.8106610957227,1.5568712843434138,1.4064629226145413,555.4522151526066,560.3965199830652,554.6713375303063,557.0794315952392,559.9300390775297,560.5622083987033,Thymelicus sylvestris,female
